{"loss": 2.629915714263916, "_timestamp": 1709452441.9345188, "_runtime": 132.62585473060608, "_step": 59, "Test loss": 0.03208031195402145, "Test Accuracy": 0.866, "_wandb": {"runtime": 131}}