{"loss": 0.6198736429214478, "_timestamp": 1711955077.0367231, "_runtime": 15.576866149902344, "_step": 179, "Test loss": 0.36744655931697173, "epoch": 59, "Test Accuracy": 0.7058823529411765, "_wandb": {"runtime": 14}}