{"loss": 0.5754413604736328, "_timestamp": 1702805307.5665734, "_runtime": 185.68597841262817, "_step": 89, "Test loss": 0.01604273647069931, "Test Accuracy": 0.889, "_wandb": {"runtime": 184}}