{"loss": 0.0734403133392334, "_timestamp": 1712539096.107968, "_runtime": 18.057770013809204, "_step": 89, "Test loss": 0.418744832277298, "epoch": 29, "Test Accuracy": 0.7058823529411765, "_wandb": {"runtime": 16}}