{"loss": 0.18804500997066498, "_timestamp": 1712541717.8950324, "_runtime": 23.097923517227173, "_step": 179, "Test loss": 1.1841719851774328, "epoch": 59, "Test Accuracy": 0.7647058823529411, "_wandb": {"runtime": 21}}