{"loss": 0.0008367865229956806, "_timestamp": 1709714481.4560385, "_runtime": 84.7912974357605, "_step": 35, "Test loss": 0.07907900285720826, "Epoch": 11, "Test Accuracy": 0.595, "_wandb": {"runtime": 85}}