{"loss": 0.26992782950401306, "_timestamp": 1709453662.9501586, "_runtime": 212.43097162246704, "_step": 104, "Test loss": 0.0031496888175606727, "Test Accuracy": 0.981, "_wandb": {"runtime": 211}}