{"loss": 1.2840555906295776, "_timestamp": 1711608411.6224291, "_runtime": 141.44228315353394, "_step": 59, "Test loss": 0.02321684181690216, "Epoch": 19, "Test Accuracy": 0.9145, "_wandb": {"runtime": 140}}