{"loss": 0.024701518937945366, "_timestamp": 1710418785.5995011, "_runtime": 104.85415005683899, "_step": 59, "Test loss": 0.0028080820105969907, "Epoch": 19, "Test Accuracy": 0.953, "_wandb": {"runtime": 104}}