{"loss": 0.6078050136566162, "_timestamp": 1710331492.6088922, "_runtime": 138.21505117416382, "_step": 59, "Test loss": 0.006580292530357837, "Epoch": 19, "Test Accuracy": 0.971, "_wandb": {"runtime": 137}}