{"loss": 0.3424902856349945, "_timestamp": 1710382732.9410622, "_runtime": 130.44542026519775, "_step": 59, "Test loss": 0.00013871100323740394, "Epoch": 19, "Test Accuracy": 0.9985, "_wandb": {"runtime": 129}}