{"loss": 0.6576240658760071, "_timestamp": 1711955415.726975, "_runtime": 24.838808059692383, "_step": 179, "Test loss": 0.925122948253856, "epoch": 59, "Test Accuracy": 0.7058823529411765, "_wandb": {"runtime": 24}}