{"loss": 2.8007559776306152, "_timestamp": 1701931403.6481292, "_runtime": 14.273312330245972, "_step": 89, "Test loss": 0.7507302761077881, "Test Accuracy": 0.0, "_wandb": {"runtime": 13}}