{"loss": 0.21250629425048828, "_timestamp": 1711957039.5826037, "_runtime": 16.993404626846313, "_step": 179, "Test loss": 0.18370637998861425, "epoch": 59, "Test Accuracy": 0.7058823529411765, "_wandb": {"runtime": 15}}