{"loss": 0.07337069511413574, "_timestamp": 1701931344.2503674, "_runtime": 72.68154835700989, "_step": 26, "Test loss": 0.0020391636583954095, "Test Accuracy": 0.9765, "_wandb": {"runtime": 73}}