{"loss": 0.00014867262507323176, "_timestamp": 1702813338.3648348, "_runtime": 15.06932783126831, "_step": 179, "Test loss": 0.23843246347763958, "Test Accuracy": 0.5882352941176471, "_wandb": {"runtime": 14}}