{"loss": 2.5569920539855957, "_timestamp": 1711957370.405827, "_runtime": 22.874983072280884, "_step": 179, "Test loss": 0.3455920324606054, "epoch": 59, "Test Accuracy": 0.8235294117647058, "_wandb": {"runtime": 22}}