{"loss": 0.07464365661144257, "_timestamp": 1709712407.2032914, "_runtime": 82.76582431793213, "_step": 32, "Test loss": 0.001135578036424704, "Epoch": 10, "Test Accuracy": 0.9765, "_wandb": {"runtime": 81}}