{"loss": 3.343048095703125, "_timestamp": 1700982985.6397562, "_runtime": 20.055010318756104, "_step": 89, "Test loss": 0.11682101023399223, "Test Accuracy": 0.0423728813559322, "_wandb": {"runtime": 16}}