{"loss": 0.009587080217897892, "_timestamp": 1712388704.59375, "_runtime": 26.262804985046387, "_step": 179, "Test loss": 0.7119238065446124, "epoch": 59, "Test Accuracy": 0.7058823529411765, "_wandb": {"runtime": 25}}