{"loss": 2.4644839763641357, "_timestamp": 1700982399.000023, "_runtime": 31.128320932388306, "_step": 89, "Test loss": 0.024581505702092096, "Test Accuracy": 0.9487179487179487, "_wandb": {"runtime": 24}}