{"loss": 0.32648685574531555, "_timestamp": 1710407340.9876566, "_runtime": 116.95305156707764, "_step": 59, "Test loss": 0.002599360916763544, "Epoch": 19, "Test Accuracy": 0.953, "_wandb": {"runtime": 115}}