{"loss": 0.1836165189743042, "_timestamp": 1711617332.738826, "_runtime": 27.17935299873352, "_step": 239, "Test loss": 0.33562562044929056, "epoch": 79, "Test Accuracy": 0.6470588235294118, "_wandb": {"runtime": 26}}