{"loss": 0.039667725563049316, "_timestamp": 1705046478.4315784, "_runtime": 30.53412628173828, "_step": 239, "Test loss": 0.16608243742409876, "Test Accuracy": 1.0, "_wandb": {"runtime": 29}}