{"loss": 0.22333356738090515, "_timestamp": 1711956763.9201863, "_runtime": 21.645679235458374, "_step": 179, "Test loss": 0.15930698812007904, "epoch": 59, "Test Accuracy": 0.7058823529411765, "_wandb": {"runtime": 16}}