{"loss": 0.27129119634628296, "_timestamp": 1712388663.3057628, "_runtime": 23.593709707260132, "_step": 179, "Test loss": 0.4689112875391455, "epoch": 59, "Test Accuracy": 0.7647058823529411, "_wandb": {"runtime": 22}}