{"loss": 0.5837616324424744, "_timestamp": 1711953686.22975, "_runtime": 15.789817810058594, "_step": 179, "Test loss": 0.23267993506263285, "epoch": 59, "Test Accuracy": 0.7647058823529411, "_wandb": {"runtime": 14}}