{"loss": 0.06803175806999207, "_timestamp": 1711952029.8152232, "_runtime": 25.19351029396057, "_step": 179, "Test loss": 0.1525981559911195, "epoch": 59, "Test Accuracy": 0.6470588235294118, "_wandb": {"runtime": 22}}