{"loss": 0.007957419380545616, "_timestamp": 1700537174.4445894, "_runtime": 173.311279296875, "_step": 89, "Test loss": 0.008185697600245475, "Test Accuracy": 0.809, "_wandb": {"runtime": 172}}