{"loss": 0.0466979518532753, "_timestamp": 1700538367.3050964, "_runtime": 166.94671630859375, "_step": 89, "Test loss": 0.0010506137474440038, "Test Accuracy": 0.9775, "_wandb": {"runtime": 166}}