{"loss": 0.25035199522972107, "_timestamp": 1705048079.2177832, "_runtime": 26.3389573097229, "_step": 239, "Test loss": 0.16050053585101576, "Test Accuracy": 0.7647058823529411, "_wandb": {"runtime": 25}}