{"loss": 0.0001032664004014805, "_timestamp": 1709709014.5608082, "_runtime": 256.5706961154938, "_step": 89, "Test loss": 0.0008288762051306549, "Test Accuracy": 0.987, "_wandb": {"runtime": 252}}