{"loss": 0.6857225894927979, "_timestamp": 1700982448.5095696, "_runtime": 30.077091693878174, "_step": 89, "Test loss": 0.08292135000228881, "Test Accuracy": 0.8, "_wandb": {"runtime": 24}}