{"loss": 0.3933987319469452, "_timestamp": 1702807054.7249594, "_runtime": 321.74051547050476, "_step": 179, "Test loss": 0.0073063747137784955, "Test Accuracy": 0.854, "_wandb": {"runtime": 320}}