{"loss": 0.7302656769752502, "_timestamp": 1710405939.8809273, "_runtime": 122.93964529037476, "_step": 59, "Test loss": 0.010215779423713683, "Epoch": 19, "Test Accuracy": 0.705, "_wandb": {"runtime": 122}}