{"loss": 0.011227824725210667, "_timestamp": 1712827206.895253, "_runtime": 131.73866987228394, "_step": 59, "Test loss": 0.0007984306127764285, "Epoch": 19, "Test Accuracy": 0.987, "_wandb": {"runtime": 130}}