{"loss": 0.6080378890037537, "_timestamp": 1712829288.2656827, "_runtime": 124.85027980804443, "_step": 59, "Test loss": 0.006582390308380127, "Epoch": 19, "Test Accuracy": 0.971, "_wandb": {"runtime": 123}}