{"loss": 0.7338799834251404, "_timestamp": 1711958170.948724, "_runtime": 17.631911993026733, "_step": 179, "Test loss": 0.18449010568506577, "epoch": 59, "Test Accuracy": 0.7647058823529411, "_wandb": {"runtime": 16}}