{"loss": 0.5902793407440186, "_timestamp": 1709717361.1886752, "_runtime": 66.89431309700012, "_step": 32, "Test loss": 0.010203244030475617, "Epoch": 10, "Test Accuracy": 0.739, "_wandb": {"runtime": 66}}