{"loss": 5.844831466674805, "_timestamp": 1710318011.9105887, "_runtime": 107.40489983558655, "_step": 59, "Test loss": 0.05428268873691559, "Epoch": 19, "Test Accuracy": 0.7615, "_wandb": {"runtime": 101}}