{"loss": 0.58201664686203, "_timestamp": 1712542660.1045609, "_runtime": 16.65054678916931, "_step": 179, "Test loss": 0.23254135776968562, "epoch": 59, "Test Accuracy": 0.7647058823529411, "_wandb": {"runtime": 15}}