{"loss": 0.0029594029765576124, "_timestamp": 1700537384.4712195, "_runtime": 195.26585149765015, "_step": 89, "Test loss": 0.0007135609924516757, "Test Accuracy": 0.9895, "_wandb": {"runtime": 194}}