{"loss": 2.6302707195281982, "_timestamp": 1710331332.2663763, "_runtime": 143.3036253452301, "_step": 59, "Test loss": 0.03208754521608353, "Epoch": 19, "Test Accuracy": 0.866, "_wandb": {"runtime": 140}}