{"loss": 0.07442563027143478, "_timestamp": 1710417818.476694, "_runtime": 138.10227608680725, "_step": 59, "Test loss": 0.0017771009895950556, "Epoch": 19, "Test Accuracy": 0.969, "_wandb": {"runtime": 137}}