{"loss": 0.013374760746955872, "_timestamp": 1712826902.3687391, "_runtime": 138.86254405975342, "_step": 59, "Test loss": 0.00019201737572439016, "Epoch": 19, "Test Accuracy": 0.997, "_wandb": {"runtime": 137}}