{"loss": 0.024842537939548492, "_timestamp": 1710382362.1332881, "_runtime": 103.15457320213318, "_step": 59, "Test loss": 0.0028060706043615937, "Epoch": 19, "Test Accuracy": 0.953, "_wandb": {"runtime": 102}}