{"loss": 0.003355826484039426, "_timestamp": 1705051421.7562158, "_runtime": 60.19397187232971, "_step": 899, "Test loss": 0.20114144419922547, "epoch": 299, "Test Accuracy": 0.7647058823529411, "_wandb": {"runtime": 59}}