{"loss": 0.11942539364099503, "_timestamp": 1710384379.9681168, "_runtime": 133.797465801239, "_step": 59, "Test loss": 0.0016745317741297186, "Epoch": 19, "Test Accuracy": 0.9725, "_wandb": {"runtime": 132}}