{"loss": 0.00976279191672802, "_timestamp": 1710417662.71521, "_runtime": 123.98582887649536, "_step": 59, "Test loss": 0.0005503289569169283, "Epoch": 19, "Test Accuracy": 0.9915, "_wandb": {"runtime": 123}}