{"loss": 0.6166874170303345, "_timestamp": 1711953624.1894503, "_runtime": 15.47640323638916, "_step": 179, "Test loss": 0.3676082001012914, "epoch": 59, "Test Accuracy": 0.7058823529411765, "_wandb": {"runtime": 14}}