{"loss": 1.2314523458480835, "_timestamp": 1701415054.0493681, "_runtime": 170.2933840751648, "_step": 89, "Test loss": 0.015617043673992158, "Test Accuracy": 0.878, "_wandb": {"runtime": 167}}