{"loss": 0.31652840971946716, "_timestamp": 1700538021.0515876, "_runtime": 169.5406036376953, "_step": 89, "Test loss": 0.015742398232221604, "Test Accuracy": 0.789, "_wandb": {"runtime": 168}}