{"loss": 0.007420240435749292, "_timestamp": 1712539448.6531835, "_runtime": 24.66491937637329, "_step": 179, "Test loss": 0.49141207512687235, "epoch": 59, "Test Accuracy": 0.6470588235294118, "_wandb": {"runtime": 23}}