{"loss": 0.001579053234308958, "_timestamp": 1709714635.052139, "_runtime": 135.6557891368866, "_step": 59, "Test loss": 1.1507576273288578e-05, "Epoch": 19, "Test Accuracy": 1.0, "_wandb": {"runtime": 134}}