{"loss": 0.35225242376327515, "_timestamp": 1710334931.2255862, "_runtime": 106.2973780632019, "_step": 59, "Test loss": 0.006595839574933052, "Epoch": 19, "Test Accuracy": 0.877, "_wandb": {"runtime": 100}}