{"loss": 0.05607042834162712, "_timestamp": 1711596669.2795372, "_runtime": 135.08228421211243, "_step": 59, "Test loss": 0.022000080794095992, "Epoch": 19, "Test Accuracy": 0.8005, "_wandb": {"runtime": 134}}