{"loss": 0.15582048892974854, "_timestamp": 1711952479.8986635, "_runtime": 15.446007490158081, "_step": 179, "Test loss": 0.32495009899139404, "epoch": 59, "Test Accuracy": 0.7647058823529411, "_wandb": {"runtime": 14}}