{"loss": 0.08740854263305664, "_timestamp": 1702814057.7414067, "_runtime": 38.425607681274414, "_step": 599, "Test loss": 0.651207404978135, "Test Accuracy": 0.7647058823529411, "_wandb": {"runtime": 36}}