{"loss": 0.03039534017443657, "_timestamp": 1701932494.2428544, "_runtime": 99.09010624885559, "_step": 89, "Test loss": 0.00031854227177894364, "Test Accuracy": 1.0, "_wandb": {"runtime": 98}}