{"loss": 0.001585362828336656, "_timestamp": 1709450468.0491228, "_runtime": 60.406479835510254, "_step": 20, "Test loss": 4.206306635751389e-05, "Test Accuracy": 0.999, "_wandb": {"runtime": 61}}