{"loss": 0.28698256611824036, "_timestamp": 1709716762.9957726, "_runtime": 121.84609961509705, "_step": 59, "Test loss": 0.006460161417722702, "Epoch": 19, "Test Accuracy": 0.8065, "_wandb": {"runtime": 120}}