{"loss": 0.0004015793965663761, "_timestamp": 1701930983.716648, "_runtime": 14.314362049102783, "_step": 89, "Test loss": 0.2081244945526123, "Test Accuracy": 0.65, "_wandb": {"runtime": 13}}