{"loss": 0.0113149369135499, "_timestamp": 1711596032.1753957, "_runtime": 127.96599769592285, "_step": 59, "Test loss": 0.0006786552262492478, "Epoch": 19, "Test Accuracy": 0.991, "_wandb": {"runtime": 127}}