{"loss": 0.01190132275223732, "_timestamp": 1700983989.9851222, "_runtime": 187.53381419181824, "_step": 89, "Test loss": 0.0016617484893649817, "Test Accuracy": 0.967, "_wandb": {"runtime": 184}}