{"loss": 0.0003118024324066937, "_timestamp": 1705050416.373401, "_runtime": 80.12746596336365, "_step": 899, "Test loss": 0.22149028497583725, "epoch": 299, "Test Accuracy": 0.7058823529411765, "_wandb": {"runtime": 78}}