{"loss": 0.1540907919406891, "_timestamp": 1705049459.4566772, "_runtime": 25.50735330581665, "_step": 239, "Test loss": 0.17093343682148876, "epoch": 79, "Test Accuracy": 0.7647058823529411, "_wandb": {"runtime": 24}}