{"loss": 0.3446689546108246, "_timestamp": 1709712575.7607794, "_runtime": 135.06688046455383, "_step": 59, "Test loss": 0.00013604065217077732, "Epoch": 19, "Test Accuracy": 0.9985, "_wandb": {"runtime": 133}}