{"loss": 0.19604486227035522, "_timestamp": 1712539528.6891289, "_runtime": 23.52615475654602, "_step": 179, "Test loss": 0.14701642008388743, "epoch": 59, "Test Accuracy": 0.7058823529411765, "_wandb": {"runtime": 22}}