{"loss": 0.0008851087768562138, "_timestamp": 1705051248.0210407, "_runtime": 48.12036871910095, "_step": 899, "Test loss": 0.18912299821043715, "epoch": 299, "Test Accuracy": 0.7647058823529411, "_wandb": {"runtime": 47}}