{"loss": 0.004626153036952019, "_timestamp": 1711617420.475421, "_runtime": 28.478275060653687, "_step": 239, "Test loss": 0.42138389278860655, "epoch": 79, "Test Accuracy": 0.6470588235294118, "_wandb": {"runtime": 27}}