{"loss": 0.3287612497806549, "_timestamp": 1702804584.2481, "_runtime": 189.08750295639038, "_step": 89, "Test loss": 0.006468155197799206, "Test Accuracy": 0.9495, "_wandb": {"runtime": 188}}