{"loss": 1.038667917251587, "_timestamp": 1702951889.4175537, "_runtime": 160.41651678085327, "_step": 75, "Test loss": 0.020708044201135634, "Test Accuracy": 0.838, "_wandb": {"runtime": 160}}