{"loss": 2.861799716949463, "_timestamp": 1702957222.9382603, "_runtime": 73.7772274017334, "_step": 5, "Test loss": 1.608023730484215, "Test Accuracy": 0.4864864864864865, "_wandb": {"runtime": 97}}