{"loss": 0.00038184988079592586, "_timestamp": 1709713528.1679308, "_runtime": 110.87012887001038, "_step": 45, "Test loss": 0.005028845928609371, "Epoch": 14, "Test Accuracy": 0.8555, "_wandb": {"runtime": 109}}