{"loss": 0.1907712072134018, "_timestamp": 1709713884.8666074, "_runtime": 134.69923949241638, "_step": 59, "Test loss": 0.05793682283163071, "Epoch": 19, "Test Accuracy": 0.776, "_wandb": {"runtime": 133}}