{"loss": 0.3417800962924957, "_timestamp": 1709715146.8080254, "_runtime": 133.7257022857666, "_step": 59, "Test loss": 0.00013539258646778763, "Epoch": 19, "Test Accuracy": 0.9985, "_wandb": {"runtime": 131}}