{"loss": 6.358387470245361, "_timestamp": 1702813275.4317489, "_runtime": 14.854155778884888, "_step": 179, "Test loss": 0.41447900323306813, "Test Accuracy": 0.0, "_wandb": {"runtime": 13}}