{"loss": 0.2523832321166992, "_timestamp": 1705059943.948807, "_runtime": 18.127485036849976, "_step": 134, "Test loss": 0.14639100344742045, "epoch": 44, "Test Accuracy": 0.8823529411764706, "_wandb": {"runtime": 17}}