{"loss": 0.7222830653190613, "_timestamp": 1702951059.4981537, "_runtime": 185.63044571876526, "_step": 89, "Test loss": 0.01665696558356285, "Test Accuracy": 0.8605, "_wandb": {"runtime": 184}}