{"loss": 0.49611496925354004, "_timestamp": 1711953286.6291323, "_runtime": 17.991119384765625, "_step": 179, "Test loss": 0.15122610681197224, "epoch": 59, "Test Accuracy": 0.8235294117647058, "_wandb": {"runtime": 17}}