{"loss": 2.1457441107486375e-05, "_timestamp": 1702813994.0737462, "_runtime": 36.930620193481445, "_step": 599, "Test loss": 0.6497638868989751, "Test Accuracy": 0.7058823529411765, "_wandb": {"runtime": 35}}