{"loss": 0.135920450091362, "_timestamp": 1701417320.5013745, "_runtime": 114.64144659042358, "_step": 89, "Test loss": 0.3070995624248798, "Test Accuracy": 0.5128205128205128, "_wandb": {"runtime": 112}}