{"loss": 0.6090327501296997, "_timestamp": 1709715349.0305765, "_runtime": 131.80317854881287, "_step": 59, "Test loss": 0.006585811011493206, "Epoch": 19, "Test Accuracy": 0.971, "_wandb": {"runtime": 130}}