{"loss": 0.028403926640748978, "_timestamp": 1710404152.7370245, "_runtime": 122.95869064331055, "_step": 59, "Test loss": 0.0013652688853908331, "Epoch": 19, "Test Accuracy": 0.9655, "_wandb": {"runtime": 122}}