{"loss": 0.10780522227287292, "_timestamp": 1711595021.4660962, "_runtime": 134.42574214935303, "_step": 59, "Test loss": 0.0032962022684514523, "Epoch": 19, "Test Accuracy": 0.938, "_wandb": {"runtime": 133}}