{"loss": 1.126270055770874, "_timestamp": 1710381080.0273013, "_runtime": 136.8364384174347, "_step": 59, "Test loss": 0.019602326244115828, "Epoch": 19, "Test Accuracy": 0.9115, "_wandb": {"runtime": 136}}