{"loss": 0.00022089830599725246, "_timestamp": 1705060118.9362679, "_runtime": 76.7195417881012, "_step": 899, "Test loss": 0.25735516787629903, "epoch": 299, "Test Accuracy": 0.8823529411764706, "_wandb": {"runtime": 75}}