{"loss": 0.2683480381965637, "_timestamp": 1705049351.1168203, "_runtime": 24.847910404205322, "_step": 239, "Test loss": 0.1553890933008755, "Test Accuracy": 0.7058823529411765, "_wandb": {"runtime": 23}}