{"loss": 0.013716759160161018, "_timestamp": 1701414232.8915684, "_runtime": 171.96887135505676, "_step": 89, "Test loss": 0.0180564893335104, "Test Accuracy": 0.823, "_wandb": {"runtime": 169}}