{"loss": 0.00157025211956352, "_timestamp": 1709454449.0983243, "_runtime": 223.24722337722778, "_step": 104, "Test loss": 4.477304944884963e-05, "Test Accuracy": 0.9995, "_wandb": {"runtime": 222}}