{"loss": 0.016108527779579163, "_timestamp": 1710317525.6727912, "_runtime": 106.29034614562988, "_step": 59, "Test loss": 0.0021876997258514167, "Epoch": 19, "Test Accuracy": 0.9635, "_wandb": {"runtime": 102}}