{"loss": 4.240850448608398, "_timestamp": 1710381289.3161047, "_runtime": 98.67297673225403, "_step": 59, "Test loss": 0.020121895492076873, "Epoch": 19, "Test Accuracy": 0.936, "_wandb": {"runtime": 97}}