{"loss": 0.7302581667900085, "_timestamp": 1710408709.854371, "_runtime": 122.89192318916321, "_step": 59, "Test loss": 0.010215838730335236, "Epoch": 19, "Test Accuracy": 0.705, "_wandb": {"runtime": 121}}