{"loss": 0.2159743458032608, "_timestamp": 1710386804.388577, "_runtime": 98.28681898117065, "_step": 59, "Test loss": 0.03604195427894592, "Epoch": 19, "Test Accuracy": 0.5705, "_wandb": {"runtime": 97}}