{"loss": 0.3421502709388733, "_timestamp": 1705046351.5767667, "_runtime": 29.04143261909485, "_step": 239, "Test loss": 0.7164979822495404, "Test Accuracy": 0.6470588235294118, "_wandb": {"runtime": 28}}