{"loss": 0.6194814443588257, "_timestamp": 1711953155.41619, "_runtime": 16.238811016082764, "_step": 179, "Test loss": 0.3678164376932032, "epoch": 59, "Test Accuracy": 0.7058823529411765, "_wandb": {"runtime": 15}}