{"loss": 0.6287235617637634, "_timestamp": 1702804653.405408, "_runtime": 53.39855098724365, "_step": 23, "Test loss": 0.010606775850057601, "Test Accuracy": 0.638, "_wandb": {"runtime": 53}}