{"loss": 0.9898508191108704, "_timestamp": 1711616227.4242282, "_runtime": 27.382634162902832, "_step": 239, "Test loss": 0.29093863683588367, "epoch": 79, "Test Accuracy": 0.8235294117647058, "_wandb": {"runtime": 26}}