{"loss": 0.24417944252490997, "_timestamp": 1711956796.5162663, "_runtime": 18.118813276290894, "_step": 179, "Test loss": 0.13911564560497508, "epoch": 59, "Test Accuracy": 0.6470588235294118, "_wandb": {"runtime": 17}}