{"loss": 0.6198588609695435, "_timestamp": 1712542594.5820162, "_runtime": 16.67915630340576, "_step": 179, "Test loss": 0.3672006656141842, "epoch": 59, "Test Accuracy": 0.7058823529411765, "_wandb": {"runtime": 15}}