{"loss": 0.46085917949676514, "_timestamp": 1705047512.1933062, "_runtime": 20.238256216049194, "_step": 239, "Test loss": 0.35616899237913247, "Test Accuracy": 0.5294117647058824, "_wandb": {"runtime": 19}}