{"loss": 0.03138040378689766, "_timestamp": 1709450830.9157143, "_runtime": 135.4867603778839, "_step": 59, "Test loss": 2.3000464170763735e-05, "Test Accuracy": 0.9995, "_wandb": {"runtime": 134}}