{"loss": 1.1263220310211182, "_timestamp": 1709452897.887938, "_runtime": 138.79837703704834, "_step": 59, "Test loss": 0.019603352516889574, "Test Accuracy": 0.9115, "_wandb": {"runtime": 138}}