{"loss": 0.019950488582253456, "_timestamp": 1701931715.7902908, "_runtime": 91.36645889282227, "_step": 50, "Test loss": 0.3078494974084803, "Test Accuracy": 0.4594594594594595, "_wandb": {"runtime": 93}}