{"loss": 0.025952696800231934, "_timestamp": 1709451400.983051, "_runtime": 132.68458914756775, "_step": 59, "Test loss": 0.00876216085627675, "Test Accuracy": 0.8145, "_wandb": {"runtime": 131}}