{"loss": 5.54793643951416, "_timestamp": 1710418661.9060585, "_runtime": 94.27040243148804, "_step": 59, "Test loss": 0.0008264210093766451, "Epoch": 19, "Test Accuracy": 0.994, "_wandb": {"runtime": 93}}