{"loss": 0.08649466931819916, "_timestamp": 1709452112.8491669, "_runtime": 49.64522886276245, "_step": 15, "Test loss": 0.0017730511892586948, "Test Accuracy": 0.97, "_wandb": {"runtime": 50}}