{"loss": 0.0003877357521560043, "_timestamp": 1709714996.04216, "_runtime": 108.63439297676086, "_step": 45, "Test loss": 4.307619819155662e-05, "Epoch": 14, "Test Accuracy": 0.999, "_wandb": {"runtime": 108}}