{"loss": 0.08315431326627731, "_timestamp": 1702950282.0635118, "_runtime": 83.71161580085754, "_step": 5, "Test loss": 2.4726107621955817, "Test Accuracy": 0.509, "_wandb": {"runtime": 106}}