{"loss": 0.002940639154985547, "_timestamp": 1704200720.4300945, "_runtime": 107.02030539512634, "_step": 899, "Test loss": 0.6474834712331786, "Test Accuracy": 0.5882352941176471, "_wandb": {"runtime": 106}}