{"loss": 0.15583376586437225, "_timestamp": 1712539128.2273116, "_runtime": 16.920960664749146, "_step": 89, "Test loss": 0.15023240271736593, "epoch": 29, "Test Accuracy": 0.9411764705882353, "_wandb": {"runtime": 15}}