{"loss": 4.73926305770874, "_timestamp": 1700983023.4910285, "_runtime": 22.75607943534851, "_step": 89, "Test loss": 0.11715535794274282, "Test Accuracy": 0.3644067796610169, "_wandb": {"runtime": 16}}