{"loss": 0.6535404324531555, "_timestamp": 1711957332.6864662, "_runtime": 24.904600143432617, "_step": 179, "Test loss": 0.933012934292064, "epoch": 59, "Test Accuracy": 0.6470588235294118, "_wandb": {"runtime": 24}}