{"loss": 0.10251041501760483, "_timestamp": 1711595888.0041065, "_runtime": 135.6587474346161, "_step": 59, "Test loss": 0.0032730454318225383, "Epoch": 19, "Test Accuracy": 0.9425, "_wandb": {"runtime": 134}}