{"loss": 0.23822596669197083, "_timestamp": 1711957291.978306, "_runtime": 22.523908138275146, "_step": 179, "Test loss": 1.2178982496261597, "epoch": 59, "Test Accuracy": 0.7647058823529411, "_wandb": {"runtime": 21}}