{"loss": 0.010828638449311256, "_timestamp": 1705050226.0109365, "_runtime": 29.766815423965454, "_step": 239, "Test loss": 0.11879968555534587, "epoch": 79, "Test Accuracy": 0.7647058823529411, "_wandb": {"runtime": 28}}