{"loss": 0.03936394304037094, "_timestamp": 1700538185.9041991, "_runtime": 150.84893321990967, "_step": 89, "Test loss": 0.03198586142063141, "Test Accuracy": 0.524, "_wandb": {"runtime": 149}}