{"loss": 0.618663489818573, "_timestamp": 1702295649.3361833, "_runtime": 12.934750318527222, "_step": 89, "Test loss": 0.031646110794760964, "Test Accuracy": 0.5, "_wandb": {"runtime": 11}}