{"loss": 0.2458222359418869, "_timestamp": 1710405074.519462, "_runtime": 119.99588799476624, "_step": 59, "Test loss": 0.003627155490219593, "Epoch": 19, "Test Accuracy": 0.9135, "_wandb": {"runtime": 119}}