{"loss": 0.6976650357246399, "_timestamp": 1702806652.4693358, "_runtime": 48.002044677734375, "_step": 20, "Test loss": 0.01072883853316307, "Test Accuracy": 0.6135, "_wandb": {"runtime": 50}}