{"loss": 0.007902218960225582, "_timestamp": 1701931012.9477627, "_runtime": 14.007654666900635, "_step": 89, "Test loss": 0.06789125800132752, "Test Accuracy": 0.65, "_wandb": {"runtime": 13}}