{"loss": 0.6087141633033752, "_timestamp": 1709713041.5043397, "_runtime": 129.3356897830963, "_step": 59, "Test loss": 0.006582115985453129, "Epoch": 19, "Test Accuracy": 0.971, "_wandb": {"runtime": 127}}