{"loss": 0.010940834879875183, "_timestamp": 1710333278.5856133, "_runtime": 127.49856734275818, "_step": 59, "Test loss": 0.03840045845508575, "Epoch": 19, "Test Accuracy": 0.6085, "_wandb": {"runtime": 123}}