{"loss": 0.35570403933525085, "_timestamp": 1711957660.318945, "_runtime": 23.328546047210693, "_step": 179, "Test loss": 0.17175781902144938, "epoch": 59, "Test Accuracy": 0.7058823529411765, "_wandb": {"runtime": 22}}