{"loss": 0.17872954905033112, "_timestamp": 1711955532.719026, "_runtime": 24.10440707206726, "_step": 179, "Test loss": 0.1672812744098551, "epoch": 59, "Test Accuracy": 0.8823529411764706, "_wandb": {"runtime": 23}}