{"loss": 0.14822961390018463, "_timestamp": 1701414405.1140077, "_runtime": 155.64922666549683, "_step": 89, "Test loss": 0.0030137353464961053, "Test Accuracy": 0.935, "_wandb": {"runtime": 150}}