{"loss": 0.01601012796163559, "_timestamp": 1710382484.6050215, "_runtime": 103.07485842704773, "_step": 59, "Test loss": 0.002193175610154867, "Epoch": 19, "Test Accuracy": 0.9635, "_wandb": {"runtime": 100}}