{"loss": 0.6431543827056885, "_timestamp": 1701415226.9269214, "_runtime": 156.00595545768738, "_step": 89, "Test loss": 0.010492752492427825, "Test Accuracy": 0.6445, "_wandb": {"runtime": 148}}