{"loss": 0.4294620752334595, "_timestamp": 1703732450.8495393, "_runtime": 51.81337118148804, "_step": 299, "Test loss": 1.0544197274422324, "Test Accuracy": 0.6216216216216216, "_wandb": {"runtime": 51}}