{"loss": 0.00896452832967043, "_timestamp": 1709716620.3429472, "_runtime": 125.17612528800964, "_step": 59, "Test loss": 0.003377548698335886, "Epoch": 19, "Test Accuracy": 0.911, "_wandb": {"runtime": 123}}