{"loss": 0.0020706579089164734, "_timestamp": 1709711190.6390479, "_runtime": 199.54585981369019, "_step": 89, "Test loss": 9.714985534083099e-05, "Epoch": 29, "Test Accuracy": 0.9985, "_wandb": {"runtime": 197}}