{"loss": 0.7602591514587402, "_timestamp": 1710335827.5018895, "_runtime": 156.25014352798462, "_step": 59, "Test loss": 0.039329725921154024, "Epoch": 19, "Test Accuracy": 0.7905, "_wandb": {"runtime": 153}}