{"loss": 5.4225921630859375, "_timestamp": 1710317169.5231438, "_runtime": 101.51043486595154, "_step": 59, "Test loss": 0.000923756399191916, "Epoch": 19, "Test Accuracy": 0.9915, "_wandb": {"runtime": 95}}