{"loss": 1.1260976791381836, "_timestamp": 1712829589.7926514, "_runtime": 134.35679531097412, "_step": 59, "Test loss": 0.01960254368185997, "Epoch": 19, "Test Accuracy": 0.9115, "_wandb": {"runtime": 132}}