{"loss": 0.35974985361099243, "_timestamp": 1710404796.1714282, "_runtime": 111.07934927940369, "_step": 59, "Test loss": 0.0032077802866697313, "Epoch": 19, "Test Accuracy": 0.9485, "_wandb": {"runtime": 110}}