{"loss": 0.5475039482116699, "_timestamp": 1710407476.903488, "_runtime": 117.17918181419373, "_step": 59, "Test loss": 0.0077103180140256885, "Epoch": 19, "Test Accuracy": 0.7575, "_wandb": {"runtime": 116}}