{"loss": 0.31147488951683044, "_timestamp": 1700542151.836987, "_runtime": 171.59747409820557, "_step": 89, "Test loss": 0.003928036496043205, "Test Accuracy": 0.9085, "_wandb": {"runtime": 170}}