{"loss": 0.012210371904075146, "_timestamp": 1709455181.021598, "_runtime": 233.60286712646484, "_step": 104, "Test loss": 0.0016743414276279508, "Test Accuracy": 0.972, "_wandb": {"runtime": 232}}