{"loss": 0.3536572754383087, "_timestamp": 1701417041.1881554, "_runtime": 128.32135152816772, "_step": 89, "Test loss": 0.0575754016132678, "Test Accuracy": 0.2966101694915254, "_wandb": {"runtime": 122}}