{"loss": 0.12308691442012787, "_timestamp": 1710383328.1224568, "_runtime": 135.42608284950256, "_step": 59, "Test loss": 0.0016643182635307312, "Epoch": 19, "Test Accuracy": 0.974, "_wandb": {"runtime": 134}}