{"loss": 0.09109387546777725, "_timestamp": 1709711958.8238013, "_runtime": 136.45053839683533, "_step": 59, "Test loss": 3.205404912296217e-05, "Epoch": 19, "Test Accuracy": 0.9995, "_wandb": {"runtime": 134}}