{"loss": 0.005938966758549213, "_timestamp": 1709714185.4275231, "_runtime": 119.10909914970398, "_step": 50, "Test loss": 0.0006815607797907433, "Epoch": 16, "Test Accuracy": 0.9855, "_wandb": {"runtime": 118}}