{"loss": 0.010741240344941616, "_timestamp": 1711615899.4705482, "_runtime": 28.687666177749634, "_step": 239, "Test loss": 0.4361348818330204, "epoch": 79, "Test Accuracy": 0.6470588235294118, "_wandb": {"runtime": 27}}