{"loss": 0.029118835926055908, "_timestamp": 1709717046.0539405, "_runtime": 124.31531763076782, "_step": 59, "Test loss": 0.0013577233827672898, "Epoch": 19, "Test Accuracy": 0.9665, "_wandb": {"runtime": 122}}