{"loss": 0.019647300243377686, "_timestamp": 1712388075.7500484, "_runtime": 24.46140742301941, "_step": 179, "Test loss": 0.10452135871438419, "epoch": 59, "Test Accuracy": 0.8235294117647058, "_wandb": {"runtime": 23}}