{"loss": 0.3468524217605591, "_timestamp": 1710417370.6366208, "_runtime": 131.26866173744202, "_step": 59, "Test loss": 0.000137385833542794, "Epoch": 19, "Test Accuracy": 0.9985, "_wandb": {"runtime": 130}}