{"loss": 1.115903615951538, "_timestamp": 1710385854.2979453, "_runtime": 151.82602524757385, "_step": 59, "Test loss": 0.041053024351596835, "Epoch": 19, "Test Accuracy": 0.785, "_wandb": {"runtime": 151}}