{"loss": 0.10199326276779175, "_timestamp": 1711615720.6451125, "_runtime": 27.92900562286377, "_step": 239, "Test loss": 0.24746451696709676, "epoch": 79, "Test Accuracy": 0.7058823529411765, "_wandb": {"runtime": 27}}