{"loss": 8.864060509949923e-05, "_timestamp": 1700536782.4742327, "_runtime": 188.15905666351318, "_step": 89, "Test loss": 9.306912777537946e-05, "Test Accuracy": 0.9985, "_wandb": {"runtime": 187}}