{"loss": 0.6204578876495361, "_timestamp": 1711958072.4647517, "_runtime": 16.132887601852417, "_step": 179, "Test loss": 0.36722544712178845, "epoch": 59, "Test Accuracy": 0.7058823529411765, "_wandb": {"runtime": 15}}