{"loss": 0.7475312352180481, "_timestamp": 1710386016.8180077, "_runtime": 143.497576713562, "_step": 59, "Test loss": 0.008615019619464875, "Epoch": 19, "Test Accuracy": 0.8205, "_wandb": {"runtime": 142}}