{"loss": 0.22380919754505157, "_timestamp": 1710386192.628269, "_runtime": 156.33003091812134, "_step": 59, "Test loss": 0.0007029232217464596, "Epoch": 19, "Test Accuracy": 0.986, "_wandb": {"runtime": 155}}