{"loss": 0.08147179335355759, "_timestamp": 1711956694.466425, "_runtime": 15.814034938812256, "_step": 179, "Test loss": 0.3014631920001086, "epoch": 59, "Test Accuracy": 0.7058823529411765, "_wandb": {"runtime": 14}}