{"loss": 1.4356268644332886, "_timestamp": 1710381767.620718, "_runtime": 101.0701699256897, "_step": 59, "Test loss": 0.03990785622596741, "Epoch": 19, "Test Accuracy": 0.866, "_wandb": {"runtime": 100}}