{"loss": 0.07686705887317657, "_timestamp": 1711616315.6703217, "_runtime": 29.135002613067627, "_step": 239, "Test loss": 0.13213142314377954, "epoch": 79, "Test Accuracy": 0.8235294117647058, "_wandb": {"runtime": 28}}