{"loss": 0.31914830207824707, "_timestamp": 1711615369.8413436, "_runtime": 16.16091561317444, "_step": 59, "Test loss": 0.3096609799300923, "epoch": 19, "Test Accuracy": 0.7058823529411765, "_wandb": {"runtime": 15}}