{"loss": 0.005778116174042225, "_timestamp": 1704201362.925002, "_runtime": 151.44750905036926, "_step": 899, "Test loss": 1.2319190198802115, "Test Accuracy": 0.6470588235294118, "_wandb": {"runtime": 150}}