{"loss": 0.0703519806265831, "_timestamp": 1702958050.100655, "_runtime": 86.88007616996765, "_step": 35, "Test loss": 0.026306837767362593, "Test Accuracy": 0.5855, "_wandb": {"runtime": 87}}