{"loss": 0.0006180973723530769, "_timestamp": 1710335202.6455846, "_runtime": 108.7138876914978, "_step": 59, "Test loss": 0.0019121138863265514, "Epoch": 19, "Test Accuracy": 0.963, "_wandb": {"runtime": 103}}