{"loss": 0.785700261592865, "_timestamp": 1710408302.1743813, "_runtime": 118.79885721206665, "_step": 59, "Test loss": 0.01199878865480423, "Epoch": 19, "Test Accuracy": 0.7745, "_wandb": {"runtime": 116}}