{"loss": 0.08544081449508667, "_timestamp": 1701930846.1700077, "_runtime": 15.57295274734497, "_step": 89, "Test loss": 0.07603058394263773, "Test Accuracy": 0.4117647058823529, "_wandb": {"runtime": 13}}