{"loss": 0.7222464084625244, "_timestamp": 1711951988.452376, "_runtime": 22.13960289955139, "_step": 179, "Test loss": 0.16094591950669007, "epoch": 59, "Test Accuracy": 0.8235294117647058, "_wandb": {"runtime": 21}}