{"loss": 0.12310878187417984, "_timestamp": 1710417969.7312577, "_runtime": 133.381582736969, "_step": 59, "Test loss": 0.0016851643631234764, "Epoch": 19, "Test Accuracy": 0.9725, "_wandb": {"runtime": 132}}