{"loss": 0.003995976876467466, "_timestamp": 1709710963.9678428, "_runtime": 184.30471777915955, "_step": 89, "Test loss": 0.0009103500212077052, "Epoch": 29, "Test Accuracy": 0.9865, "_wandb": {"runtime": 182}}