{"loss": 0.010166575200855732, "_timestamp": 1710384073.3628957, "_runtime": 123.57491683959961, "_step": 59, "Test loss": 0.0005457662348635494, "Epoch": 19, "Test Accuracy": 0.9935, "_wandb": {"runtime": 122}}