{"loss": 1.5516939163208008, "_timestamp": 1709452290.1497023, "_runtime": 131.6685574054718, "_step": 59, "Test loss": 0.007658068552613259, "Test Accuracy": 0.9655, "_wandb": {"runtime": 130}}