{"loss": 0.030830176547169685, "_timestamp": 1711617242.1656656, "_runtime": 26.919573545455933, "_step": 239, "Test loss": 0.31750037214335275, "epoch": 79, "Test Accuracy": 0.8235294117647058, "_wandb": {"runtime": 26}}