{"loss": 1.7327828407287598, "_timestamp": 1712387915.8841562, "_runtime": 26.577417135238647, "_step": 179, "Test loss": 0.5862867919837728, "epoch": 59, "Test Accuracy": 0.6470588235294118, "_wandb": {"runtime": 25}}