{"loss": 0.22660772502422333, "_timestamp": 1710407747.0747795, "_runtime": 121.91547560691833, "_step": 59, "Test loss": 0.00392657208442688, "Epoch": 19, "Test Accuracy": 0.9, "_wandb": {"runtime": 121}}