{"loss": 6.445578098297119, "_timestamp": 1711952416.9933963, "_runtime": 22.55535125732422, "_step": 179, "Test loss": 2.1215335341060864, "epoch": 59, "Test Accuracy": 0.11764705882352941, "_wandb": {"runtime": 21}}