{"loss": 0.004034043755382299, "_timestamp": 1702815158.7382169, "_runtime": 63.28672695159912, "_step": 135, "Test loss": 0.20499823544476484, "Test Accuracy": 0.5135135135135135, "_wandb": {"runtime": 62}}