{"loss": 0.6073393821716309, "_timestamp": 1709452583.800213, "_runtime": 124.12240719795227, "_step": 59, "Test loss": 0.0065838066190481185, "Test Accuracy": 0.971, "_wandb": {"runtime": 123}}