{"loss": 0.1989550143480301, "_timestamp": 1712539161.694333, "_runtime": 18.002963066101074, "_step": 89, "Test loss": 0.11019592425402473, "epoch": 29, "Test Accuracy": 0.8823529411764706, "_wandb": {"runtime": 16}}