{"loss": 1.20772123336792, "_timestamp": 1711951910.3522913, "_runtime": 22.976836442947388, "_step": 179, "Test loss": 0.4831197507241193, "epoch": 59, "Test Accuracy": 0.7058823529411765, "_wandb": {"runtime": 22}}