{"loss": 2.2167599201202393, "_timestamp": 1702295134.0583124, "_runtime": 18.19733738899231, "_step": 89, "Test loss": 0.3191265409643, "Test Accuracy": 0.0, "_wandb": {"runtime": 17}}