{"loss": 0.3586269021034241, "_timestamp": 1705035821.191935, "_runtime": 32.44120812416077, "_step": 239, "Test loss": 0.8215062653317171, "Test Accuracy": 0.5294117647058824, "_wandb": {"runtime": 31}}