{"loss": 1.2843571901321411, "_timestamp": 1711947134.7120922, "_runtime": 136.66626811027527, "_step": 59, "Test loss": 0.02321459597349167, "Epoch": 19, "Test Accuracy": 0.9145, "_wandb": {"runtime": 135}}