{"loss": 0.007570953574031591, "_timestamp": 1701931132.6254492, "_runtime": 26.448052167892456, "_step": 71, "Test loss": 0.29158438682556154, "Test Accuracy": 0.46, "_wandb": {"runtime": 25}}