{"loss": 0.619829535484314, "_timestamp": 1712391423.4412692, "_runtime": 17.304233074188232, "_step": 179, "Test loss": 0.3672058827736798, "epoch": 59, "Test Accuracy": 0.7058823529411765, "_wandb": {"runtime": 16}}