{"loss": 0.8500356674194336, "_timestamp": 1712541996.845862, "_runtime": 18.504971981048584, "_step": 89, "Test loss": 0.27540071220958934, "epoch": 29, "Test Accuracy": 0.8235294117647058, "_wandb": {"runtime": 16}}