{"loss": 0.5114877223968506, "_timestamp": 1702804882.1448424, "_runtime": 182.50238633155823, "_step": 89, "Test loss": 0.005709616124629975, "Test Accuracy": 0.96, "_wandb": {"runtime": 181}}