{"loss": 0.6013082265853882, "_timestamp": 1701421067.069612, "_runtime": 22.040563106536865, "_step": 89, "Test loss": 0.011742402064172845, "Test Accuracy": 0.6929824561403509, "_wandb": {"runtime": 15}}