{"loss": 0.43595975637435913, "_timestamp": 1711956324.6725519, "_runtime": 18.62813687324524, "_step": 179, "Test loss": 0.3502134330132428, "epoch": 59, "Test Accuracy": 0.8235294117647058, "_wandb": {"runtime": 15}}