{"loss": 0.019503995776176453, "_timestamp": 1710332819.9575624, "_runtime": 148.55985951423645, "_step": 59, "Test loss": 2.3046630129101685e-05, "Epoch": 19, "Test Accuracy": 0.9995, "_wandb": {"runtime": 144}}