{"loss": 0.49723178148269653, "_timestamp": 1711958202.417654, "_runtime": 17.195618152618408, "_step": 179, "Test loss": 0.1513029091498431, "epoch": 59, "Test Accuracy": 0.8235294117647058, "_wandb": {"runtime": 16}}