{"loss": 0.016128098592162132, "_timestamp": 1710386364.3822215, "_runtime": 153.31314635276794, "_step": 59, "Test loss": 0.0004885559383255895, "Epoch": 19, "Test Accuracy": 0.99, "_wandb": {"runtime": 152}}