{"loss": 0.030934467911720276, "_timestamp": 1712539568.7510812, "_runtime": 23.53318214416504, "_step": 179, "Test loss": 0.17590188914362123, "epoch": 59, "Test Accuracy": 0.7058823529411765, "_wandb": {"runtime": 22}}