{"loss": 0.015470325946807861, "_timestamp": 1702957596.5798452, "_runtime": 52.63562321662903, "_step": 104, "Test loss": 0.22109982774064346, "Test Accuracy": 0.5135135135135135, "_wandb": {"runtime": 52}}