{"loss": 0.003122813068330288, "_timestamp": 1711617290.1751497, "_runtime": 30.1917507648468, "_step": 239, "Test loss": 0.29399269950740475, "epoch": 79, "Test Accuracy": 0.8235294117647058, "_wandb": {"runtime": 29}}