{"loss": 0.10197701305150986, "_timestamp": 1711957496.2438533, "_runtime": 25.985023260116577, "_step": 179, "Test loss": 0.20012209170004902, "epoch": 59, "Test Accuracy": 0.8235294117647058, "_wandb": {"runtime": 25}}