{"loss": 0.19707313179969788, "_timestamp": 1710384858.0083103, "_runtime": 130.00247621536255, "_step": 59, "Test loss": 0.0025089488308876755, "Epoch": 19, "Test Accuracy": 0.95, "_wandb": {"runtime": 129}}