{"loss": 2.7022669315338135, "_timestamp": 1701930557.0526643, "_runtime": 21.528269290924072, "_step": 89, "Test loss": 0.19773866034842827, "Test Accuracy": 0.0, "_wandb": {"runtime": 20}}