{"loss": 1.1314412355422974, "_timestamp": 1702805534.0177026, "_runtime": 194.96795654296875, "_step": 89, "Test loss": 0.025308034867048263, "Test Accuracy": 0.7965, "_wandb": {"runtime": 194}}