{"loss": 0.650015652179718, "_timestamp": 1709453425.4638872, "_runtime": 223.3641493320465, "_step": 104, "Test loss": 0.016652192145586015, "Test Accuracy": 0.9065, "_wandb": {"runtime": 222}}