{"loss": 0.3598373830318451, "_timestamp": 1709717494.8649309, "_runtime": 114.13615584373474, "_step": 59, "Test loss": 0.0032150658294558526, "Epoch": 19, "Test Accuracy": 0.948, "_wandb": {"runtime": 112}}