{"loss": 0.009501269087195396, "_timestamp": 1709452044.6424046, "_runtime": 128.82108759880066, "_step": 59, "Test loss": 0.0037629041522741317, "Test Accuracy": 0.9115, "_wandb": {"runtime": 128}}