{"loss": 1.2961938381195068, "_timestamp": 1710332282.679297, "_runtime": 155.94204306602478, "_step": 59, "Test loss": 0.025118274867534637, "Epoch": 19, "Test Accuracy": 0.9035, "_wandb": {"runtime": 152}}