{"loss": 5.177709102630615, "_timestamp": 1711952379.86598, "_runtime": 25.172231912612915, "_step": 179, "Test loss": 3.2690667825586655, "epoch": 59, "Test Accuracy": 0.23529411764705882, "_wandb": {"runtime": 24}}