{"loss": 0.14962883293628693, "_timestamp": 1700982253.7179432, "_runtime": 29.64663314819336, "_step": 89, "Test loss": 0.1144086829686569, "Test Accuracy": 0.3389830508474576, "_wandb": {"runtime": 27}}