{"loss": 0.1162051185965538, "_timestamp": 1712389308.2240481, "_runtime": 25.697737216949463, "_step": 179, "Test loss": 0.170204057412989, "epoch": 59, "Test Accuracy": 0.8235294117647058, "_wandb": {"runtime": 24}}