{"loss": 0.35992076992988586, "_timestamp": 1710407607.7043087, "_runtime": 112.35724973678589, "_step": 59, "Test loss": 0.0032084975093603133, "Epoch": 19, "Test Accuracy": 0.9485, "_wandb": {"runtime": 111}}