{"loss": 0.3745775818824768, "_timestamp": 1705046572.9776866, "_runtime": 29.984435558319092, "_step": 239, "Test loss": 0.7380696885726031, "Test Accuracy": 0.6470588235294118, "_wandb": {"runtime": 29}}