{"loss": 0.2022937536239624, "_timestamp": 1711955375.2965705, "_runtime": 22.611002445220947, "_step": 179, "Test loss": 1.1945543306715347, "epoch": 59, "Test Accuracy": 0.6470588235294118, "_wandb": {"runtime": 21}}