{"loss": 0.09728659689426422, "_timestamp": 1712388863.892975, "_runtime": 25.84277319908142, "_step": 179, "Test loss": 0.2425326529671164, "epoch": 59, "Test Accuracy": 0.6470588235294118, "_wandb": {"runtime": 25}}