{"loss": 6.3267621994018555, "_timestamp": 1710318148.3470306, "_runtime": 98.60055470466614, "_step": 59, "Test loss": 0.012381400883197785, "Epoch": 19, "Test Accuracy": 0.9545, "_wandb": {"runtime": 96}}