{"loss": 0.4826992154121399, "_timestamp": 1700537625.762812, "_runtime": 13.550732851028442, "_step": 0, "_wandb": {"runtime": 13}}