{"loss": 0.011247680522501469, "_timestamp": 1711952517.1563697, "_runtime": 16.5446457862854, "_step": 179, "Test loss": 0.28965570722870965, "epoch": 59, "Test Accuracy": 0.8823529411764706, "_wandb": {"runtime": 15}}