{"loss": 0.48569992184638977, "_timestamp": 1710336000.020143, "_runtime": 150.7349579334259, "_step": 59, "Test loss": 0.08640539979934693, "Epoch": 19, "Test Accuracy": 0.496, "_wandb": {"runtime": 144}}