{"loss": 0.00037791073555126786, "_timestamp": 1710335408.0927322, "_runtime": 108.04565119743347, "_step": 59, "Test loss": 0.0010586518042255194, "Epoch": 19, "Test Accuracy": 0.9755, "_wandb": {"runtime": 102}}