{"loss": 1.4049172401428223, "_timestamp": 1711957540.9074588, "_runtime": 23.978859663009644, "_step": 179, "Test loss": 0.5466732908697689, "epoch": 59, "Test Accuracy": 0.7058823529411765, "_wandb": {"runtime": 23}}