{"loss": 0.022372471168637276, "_timestamp": 1702816124.004212, "_runtime": 27.387959003448486, "_step": 111, "Test loss": 0.7906612272097452, "Test Accuracy": 0.5135135135135135, "_wandb": {"runtime": 26}}