{"loss": 0.24553990364074707, "_timestamp": 1711952616.2237136, "_runtime": 17.4651837348938, "_step": 179, "Test loss": 0.09532309455030105, "epoch": 59, "Test Accuracy": 0.8235294117647058, "_wandb": {"runtime": 16}}