{"loss": 0.00010381130414316431, "_timestamp": 1701930810.6998777, "_runtime": 14.648456811904907, "_step": 89, "Test loss": 0.5840718886431526, "Test Accuracy": 0.5882352941176471, "_wandb": {"runtime": 13}}