{"loss": 0.014189418405294418, "_timestamp": 1711595478.240554, "_runtime": 138.9188220500946, "_step": 59, "Test loss": 0.0020181866777129473, "Epoch": 19, "Test Accuracy": 0.964, "_wandb": {"runtime": 138}}