{"loss": 0.15613558888435364, "_timestamp": 1711596815.364705, "_runtime": 128.00997710227966, "_step": 59, "Test loss": 0.13794622492790223, "Epoch": 19, "Test Accuracy": 0.473, "_wandb": {"runtime": 127}}