{"loss": 0.17546984553337097, "_timestamp": 1712389268.3985198, "_runtime": 23.969050645828247, "_step": 179, "Test loss": 0.17228659636834087, "epoch": 59, "Test Accuracy": 0.8823529411764706, "_wandb": {"runtime": 23}}