{"loss": 0.007727229502052069, "_timestamp": 1709716095.090234, "_runtime": 106.90858101844788, "_step": 41, "Test loss": 0.03707977929711342, "Epoch": 13, "Test Accuracy": 0.6895, "_wandb": {"runtime": 107}}