{"loss": 0.021434985101222992, "_timestamp": 1704200549.876719, "_runtime": 131.93831396102905, "_step": 899, "Test loss": 0.9822569315814796, "Test Accuracy": 0.6470588235294118, "_wandb": {"runtime": 131}}