{"loss": 0.0017276813741773367, "_timestamp": 1709709887.9441237, "_runtime": 221.36889481544495, "_step": 89, "Test loss": 0.041173759579658506, "Test Accuracy": 0.806, "_wandb": {"runtime": 219}}