{"loss": 0.09429875761270523, "_timestamp": 1711952110.8267112, "_runtime": 25.12508225440979, "_step": 179, "Test loss": 0.17042740653542912, "epoch": 59, "Test Accuracy": 0.5882352941176471, "_wandb": {"runtime": 24}}