{"loss": 0.0011320039629936218, "_timestamp": 1710387156.9028752, "_runtime": 103.13238906860352, "_step": 59, "Test loss": 0.0014481158110138494, "Epoch": 19, "Test Accuracy": 0.973, "_wandb": {"runtime": 102}}