{"loss": 1.7460546493530273, "_timestamp": 1710418428.7507262, "_runtime": 98.95621919631958, "_step": 59, "Test loss": 0.0006026920997537673, "Epoch": 19, "Test Accuracy": 0.991, "_wandb": {"runtime": 98}}