{"loss": 0.435221403837204, "_timestamp": 1700536985.4506438, "_runtime": 188.45068168640137, "_step": 89, "Test loss": 0.053369133949279786, "Test Accuracy": 0.817, "_wandb": {"runtime": 187}}