{"loss": 0.027948589995503426, "_timestamp": 1710406957.6252794, "_runtime": 121.83640742301941, "_step": 59, "Test loss": 0.0013639282162766903, "Epoch": 19, "Test Accuracy": 0.9665, "_wandb": {"runtime": 120}}