{"loss": 0.6227593421936035, "_timestamp": 1711955240.0591877, "_runtime": 18.65363574028015, "_step": 179, "Test loss": 0.10947579846662633, "epoch": 59, "Test Accuracy": 0.5882352941176471, "_wandb": {"runtime": 17}}