{"loss": 0.013958554714918137, "_timestamp": 1701416427.9599698, "_runtime": 140.93950366973877, "_step": 89, "Test loss": 0.05911807690636586, "Test Accuracy": 0.6949152542372882, "_wandb": {"runtime": 134}}