{"loss": 0.7336958050727844, "_timestamp": 1712542694.6315532, "_runtime": 18.34956121444702, "_step": 179, "Test loss": 0.18450240177266738, "epoch": 59, "Test Accuracy": 0.7647058823529411, "_wandb": {"runtime": 16}}