{"loss": 0.008979772217571735, "_timestamp": 1710403737.684954, "_runtime": 118.84255886077881, "_step": 59, "Test loss": 0.004633582517504692, "Epoch": 19, "Test Accuracy": 0.8705, "_wandb": {"runtime": 117}}