{"loss": 1.0960019826889038, "_timestamp": 1710335650.9581094, "_runtime": 159.81879830360413, "_step": 59, "Test loss": 0.02022490268945694, "Epoch": 19, "Test Accuracy": 0.627, "_wandb": {"runtime": 153}}