{"loss": 0.558802604675293, "_timestamp": 1712827991.5375772, "_runtime": 132.67136907577515, "_step": 59, "Test loss": 0.0069891375303268435, "Epoch": 19, "Test Accuracy": 0.964, "_wandb": {"runtime": 130}}