{"loss": 0.6318812370300293, "_timestamp": 1711955572.202687, "_runtime": 24.86388111114502, "_step": 179, "Test loss": 0.19425282408209407, "epoch": 59, "Test Accuracy": 0.8823529411764706, "_wandb": {"runtime": 24}}