{"loss": 0.29719430208206177, "_timestamp": 1701932340.005879, "_runtime": 71.2213180065155, "_step": 23, "Test loss": 0.18146226358413697, "Test Accuracy": 0.3485, "_wandb": {"runtime": 72}}