{"loss": 0.9230961799621582, "_timestamp": 1712541895.3030674, "_runtime": 17.34725046157837, "_step": 89, "Test loss": 0.7402039345572976, "epoch": 29, "Test Accuracy": 0.8235294117647058, "_wandb": {"runtime": 15}}