{"loss": 0.26148363947868347, "_timestamp": 1710382880.498128, "_runtime": 130.59714889526367, "_step": 59, "Test loss": 0.0030971853714436295, "Epoch": 19, "Test Accuracy": 0.945, "_wandb": {"runtime": 129}}