{"loss": 4.6353099605767056e-05, "_timestamp": 1702813386.5285258, "_runtime": 25.417783737182617, "_step": 599, "Test loss": 0.22361617929795208, "Test Accuracy": 0.6470588235294118, "_wandb": {"runtime": 24}}