{"loss": 0.15037867426872253, "_timestamp": 1700981840.203668, "_runtime": 31.242542028427124, "_step": 89, "Test loss": 0.11429065364902302, "Test Accuracy": 0.3389830508474576, "_wandb": {"runtime": 27}}