{"loss": 0.002939915517345071, "_timestamp": 1711617468.355455, "_runtime": 29.528641939163208, "_step": 239, "Test loss": 0.23802093690370812, "epoch": 79, "Test Accuracy": 0.6470588235294118, "_wandb": {"runtime": 28}}