{"loss": 0.006102575454860926, "_timestamp": 1701416575.086568, "_runtime": 131.63766813278198, "_step": 89, "Test loss": 0.2834963920788887, "Test Accuracy": 0.46153846153846156, "_wandb": {"runtime": 129}}