{"loss": 0.19059818983078003, "_timestamp": 1702950777.7668543, "_runtime": 187.62904834747314, "_step": 89, "Test loss": 0.006148130320012569, "Test Accuracy": 0.964, "_wandb": {"runtime": 186}}