{"loss": 0.4967755675315857, "_timestamp": 1712542728.5065973, "_runtime": 18.163138389587402, "_step": 179, "Test loss": 0.1512609930599437, "epoch": 59, "Test Accuracy": 0.8235294117647058, "_wandb": {"runtime": 16}}