{"loss": 0.07235050946474075, "_timestamp": 1709710037.7857084, "_runtime": 69.81923651695251, "_step": 26, "Test loss": 0.001957674454897642, "Test Accuracy": 0.956, "_wandb": {"runtime": 64}}