{"loss": 0.2233133316040039, "_timestamp": 1701931253.8039987, "_runtime": 46.48683261871338, "_step": 14, "Test loss": 0.08192222023010254, "Test Accuracy": 0.496, "_wandb": {"runtime": 46}}