{"loss": 0.7308098673820496, "_timestamp": 1702952709.5334432, "_runtime": 39.58201622962952, "_step": 14, "Test loss": 0.010777436792850495, "Test Accuracy": 0.6065, "_wandb": {"runtime": 41}}