{"loss": 0.0065691196359694, "_timestamp": 1701420024.454449, "_runtime": 129.13956499099731, "_step": 89, "Test loss": 0.23343908006899824, "Test Accuracy": 0.32710280373831774, "_wandb": {"runtime": 126}}