{"loss": 0.45096299052238464, "_timestamp": 1702953064.250874, "_runtime": 323.9918200969696, "_step": 179, "Test loss": 0.007070766046643257, "Test Accuracy": 0.874, "_wandb": {"runtime": 322}}