{"loss": 0.2639549672603607, "_timestamp": 1710383931.6436684, "_runtime": 129.60087847709656, "_step": 59, "Test loss": 0.0031215331871062516, "Epoch": 19, "Test Accuracy": 0.9445, "_wandb": {"runtime": 128}}