{"loss": 2.322096586227417, "_timestamp": 1712389189.4558048, "_runtime": 23.191712856292725, "_step": 179, "Test loss": 0.36189235308591056, "epoch": 59, "Test Accuracy": 0.8235294117647058, "_wandb": {"runtime": 22}}