{"loss": 0.018890706822276115, "_timestamp": 1709518181.560522, "_runtime": 221.08016896247864, "_step": 104, "Test loss": 0.00038981467788107695, "Test Accuracy": 0.9955, "_wandb": {"runtime": 220}}