{"loss": 0.245594322681427, "_timestamp": 1710407884.2083714, "_runtime": 119.25402235984802, "_step": 59, "Test loss": 0.0036258376464247703, "Epoch": 19, "Test Accuracy": 0.9135, "_wandb": {"runtime": 118}}