{"loss": 0.5584853887557983, "_timestamp": 1711607960.4111168, "_runtime": 134.37889981269836, "_step": 59, "Test loss": 0.006987795725464821, "Epoch": 19, "Test Accuracy": 0.964, "_wandb": {"runtime": 133}}