{"loss": 0.20956367254257202, "_timestamp": 1711955493.795839, "_runtime": 23.124361038208008, "_step": 179, "Test loss": 0.19497055691831253, "epoch": 59, "Test Accuracy": 0.8235294117647058, "_wandb": {"runtime": 22}}