{"loss": 0.5827134251594543, "_timestamp": 1711952823.6126814, "_runtime": 15.832731485366821, "_step": 179, "Test loss": 0.23265991140814388, "epoch": 59, "Test Accuracy": 0.7647058823529411, "_wandb": {"runtime": 14}}