{"loss": 0.022114107385277748, "_timestamp": 1700537835.3955853, "_runtime": 166.40450930595398, "_step": 89, "Test loss": 0.0005541644901968539, "Test Accuracy": 0.9885, "_wandb": {"runtime": 165}}