{"loss": 0.0021292725577950478, "_timestamp": 1700982155.9676578, "_runtime": 190.4808588027954, "_step": 89, "Test loss": 9.231188683770596e-05, "Test Accuracy": 0.9985, "_wandb": {"runtime": 184}}