{"loss": 0.625194787979126, "_timestamp": 1712389150.3336277, "_runtime": 25.676260709762573, "_step": 179, "Test loss": 0.9493868596413556, "epoch": 59, "Test Accuracy": 0.7058823529411765, "_wandb": {"runtime": 24}}