{"loss": 0.17716017365455627, "_timestamp": 1711956663.871699, "_runtime": 15.936382055282593, "_step": 179, "Test loss": 0.2934175554443808, "epoch": 59, "Test Accuracy": 0.6470588235294118, "_wandb": {"runtime": 15}}