{"loss": 0.1941857486963272, "_timestamp": 1710418547.9310412, "_runtime": 99.44591331481934, "_step": 59, "Test loss": 0.005341694533824921, "Epoch": 19, "Test Accuracy": 0.923, "_wandb": {"runtime": 98}}