{"loss": 0.6031166315078735, "_timestamp": 1702953731.435068, "_runtime": 307.74709486961365, "_step": 179, "Test loss": 0.009873914152383804, "Test Accuracy": 0.633, "_wandb": {"runtime": 306}}