{"loss": 0.022670816630125046, "_timestamp": 1704199815.9885175, "_runtime": 44.58538055419922, "_step": 299, "Test loss": 0.8171760733513271, "Test Accuracy": 0.6470588235294118, "_wandb": {"runtime": 43}}