{"loss": 0.013200415298342705, "_timestamp": 1709714339.0092041, "_runtime": 136.88563323020935, "_step": 59, "Test loss": 0.0008196421736502089, "Epoch": 19, "Test Accuracy": 0.9865, "_wandb": {"runtime": 135}}