{"loss": 1.3634319305419922, "_timestamp": 1702805790.0332515, "_runtime": 198.3796694278717, "_step": 89, "Test loss": 0.026175047039985657, "Test Accuracy": 0.7475, "_wandb": {"runtime": 197}}