{"loss": 0.6198229789733887, "_timestamp": 1711952761.4566684, "_runtime": 15.499941349029541, "_step": 179, "Test loss": 0.36718525956658754, "epoch": 59, "Test Accuracy": 0.7058823529411765, "_wandb": {"runtime": 14}}