{"loss": 0.010384907945990562, "_timestamp": 1702815365.0577033, "_runtime": 57.43447422981262, "_step": 116, "Test loss": 0.22386419773101807, "Test Accuracy": 0.5, "_wandb": {"runtime": 56}}