{"loss": 0.01376798190176487, "_timestamp": 1711957702.1926932, "_runtime": 25.05349111557007, "_step": 179, "Test loss": 0.1450550308560624, "epoch": 59, "Test Accuracy": 0.6470588235294118, "_wandb": {"runtime": 23}}