{"loss": 0.09338227659463882, "_timestamp": 1712827057.0399046, "_runtime": 138.52931261062622, "_step": 59, "Test loss": 0.0032871686406433583, "Epoch": 19, "Test Accuracy": 0.941, "_wandb": {"runtime": 136}}