{"loss": 0.2205773890018463, "_timestamp": 1701417608.2998047, "_runtime": 128.3790726661682, "_step": 89, "Test loss": 0.01679752320051193, "Test Accuracy": 0.8, "_wandb": {"runtime": 122}}