{"loss": 0.1790851205587387, "_timestamp": 1711957006.6241827, "_runtime": 16.015015602111816, "_step": 179, "Test loss": 0.24723349599277272, "epoch": 59, "Test Accuracy": 0.5294117647058824, "_wandb": {"runtime": 15}}