{"loss": 0.07433067262172699, "_timestamp": 1701420354.789527, "_runtime": 89.7531418800354, "_step": 44, "Test loss": 0.0006271295379847288, "Test Accuracy": 0.9915, "_wandb": {"runtime": 89}}