{"loss": 0.01369826402515173, "_timestamp": 1711951951.7166917, "_runtime": 25.362757682800293, "_step": 179, "Test loss": 0.6297225075609544, "epoch": 59, "Test Accuracy": 0.6470588235294118, "_wandb": {"runtime": 24}}