{"loss": 0.583721935749054, "_timestamp": 1711953220.855339, "_runtime": 16.758514165878296, "_step": 179, "Test loss": 0.232647345346563, "epoch": 59, "Test Accuracy": 0.7647058823529411, "_wandb": {"runtime": 15}}