{"loss": 0.2219630926847458, "_timestamp": 1704200309.8661757, "_runtime": 58.23734974861145, "_step": 299, "Test loss": 0.6390163935720921, "Test Accuracy": 0.6470588235294118, "_wandb": {"runtime": 57}}