{"loss": 0.06736639142036438, "_timestamp": 1710333610.0023935, "_runtime": 136.394606590271, "_step": 59, "Test loss": 0.0007699976218282245, "Epoch": 19, "Test Accuracy": 0.984, "_wandb": {"runtime": 133}}