{"loss": 0.0007045195088721812, "_timestamp": 1700539943.88291, "_runtime": 179.7232310771942, "_step": 89, "Test loss": 0.0002638695134955924, "Test Accuracy": 0.995, "_wandb": {"runtime": 178}}