{"loss": 0.6778736710548401, "_timestamp": 1712391296.6957028, "_runtime": 20.18045687675476, "_step": 179, "Test loss": 0.11116875269833733, "epoch": 59, "Test Accuracy": 0.5882352941176471, "_wandb": {"runtime": 19}}