{"loss": 0.6055921316146851, "_timestamp": 1710405798.972228, "_runtime": 110.08283710479736, "_step": 59, "Test loss": 0.00935988974571228, "Epoch": 19, "Test Accuracy": 0.819, "_wandb": {"runtime": 109}}