{"loss": 0.03660709038376808, "_timestamp": 1711957743.4173694, "_runtime": 25.642553329467773, "_step": 179, "Test loss": 0.06563340215121999, "epoch": 59, "Test Accuracy": 0.8235294117647058, "_wandb": {"runtime": 24}}