{"loss": 1.3106685876846313, "_timestamp": 1702957347.3409953, "_runtime": 76.99522829055786, "_step": 44, "Test loss": 0.2747466886365736, "Test Accuracy": 0.21621621621621623, "_wandb": {"runtime": 77}}