{"loss": 1.7766016721725464, "_timestamp": 1710316721.4482176, "_runtime": 105.57470059394836, "_step": 59, "Test loss": 0.0006042681112885475, "Epoch": 19, "Test Accuracy": 0.9895, "_wandb": {"runtime": 101}}