{"loss": 0.00036971885128878057, "_timestamp": 1702813726.9931564, "_runtime": 89.65088653564453, "_step": 599, "Test loss": 1.1104541197419167, "Test Accuracy": 0.6470588235294118, "_wandb": {"runtime": 88}}