{"loss": 0.43709596991539, "_timestamp": 1712391162.649176, "_runtime": 17.095550775527954, "_step": 179, "Test loss": 0.3502531191881965, "epoch": 59, "Test Accuracy": 0.8235294117647058, "_wandb": {"runtime": 16}}