{"loss": 0.008950944058597088, "_timestamp": 1710406550.7961361, "_runtime": 116.54299306869507, "_step": 59, "Test loss": 0.002858467698097229, "Epoch": 19, "Test Accuracy": 0.9305, "_wandb": {"runtime": 115}}