{"loss": 0.002095697447657585, "_timestamp": 1701416268.774362, "_runtime": 136.20340609550476, "_step": 89, "Test loss": 0.10843454781225172, "Test Accuracy": 0.423728813559322, "_wandb": {"runtime": 133}}