{"loss": 0.10116857290267944, "_timestamp": 1709453182.8484266, "_runtime": 225.65415358543396, "_step": 104, "Test loss": 0.0020582279320806264, "Test Accuracy": 0.984, "_wandb": {"runtime": 224}}