{"loss": 0.17218275368213654, "_timestamp": 1711957453.7153926, "_runtime": 23.782910585403442, "_step": 179, "Test loss": 0.17686388334807226, "epoch": 59, "Test Accuracy": 0.8823529411764706, "_wandb": {"runtime": 23}}