{"loss": 2.2274343967437744, "_timestamp": 1712828138.6904006, "_runtime": 131.20813870429993, "_step": 59, "Test loss": 0.03230171871185303, "Epoch": 19, "Test Accuracy": 0.868, "_wandb": {"runtime": 129}}