{"loss": 0.0039027794264256954, "_timestamp": 1711615946.2129388, "_runtime": 30.83732771873474, "_step": 239, "Test loss": 0.19645330287954388, "epoch": 79, "Test Accuracy": 0.7647058823529411, "_wandb": {"runtime": 30}}