{"loss": 0.00025787364575080574, "_timestamp": 1709714773.423593, "_runtime": 105.51107406616211, "_step": 44, "Test loss": 5.8164811562164685e-06, "Epoch": 14, "Test Accuracy": 1.0, "_wandb": {"runtime": 104}}