{"loss": 0.14821578562259674, "_timestamp": 1700984182.0891497, "_runtime": 172.72241377830505, "_step": 89, "Test loss": 0.0030007380172610283, "Test Accuracy": 0.937, "_wandb": {"runtime": 166}}