{"loss": 0.605599045753479, "_timestamp": 1710408568.007616, "_runtime": 111.04732704162598, "_step": 59, "Test loss": 0.009360150933265686, "Epoch": 19, "Test Accuracy": 0.8195, "_wandb": {"runtime": 110}}