{"loss": 0.8740237355232239, "_timestamp": 1701413792.9996061, "_runtime": 165.1318211555481, "_step": 89, "Test loss": 0.004777153491973877, "Test Accuracy": 0.966, "_wandb": {"runtime": 162}}