{"loss": 0.808499276638031, "_timestamp": 1711608574.829672, "_runtime": 144.5875301361084, "_step": 59, "Test loss": 0.02121296054124832, "Epoch": 19, "Test Accuracy": 0.8945, "_wandb": {"runtime": 143}}