{"loss": 0.04214992746710777, "_timestamp": 1701420900.1177216, "_runtime": 38.675984621047974, "_step": 17, "Test loss": 0.21235304235297942, "Test Accuracy": 0.32710280373831774, "_wandb": {"runtime": 34}}