{"loss": 0.5824983716011047, "_timestamp": 1711955139.4046803, "_runtime": 15.77575135231018, "_step": 179, "Test loss": 0.2326832133180955, "epoch": 59, "Test Accuracy": 0.7647058823529411, "_wandb": {"runtime": 14}}