{"loss": 1.296420931816101, "_timestamp": 1709452739.752662, "_runtime": 136.76529097557068, "_step": 59, "Test loss": 0.025124867260456086, "Test Accuracy": 0.904, "_wandb": {"runtime": 136}}