{"loss": 0.19497926533222198, "_timestamp": 1710316997.541138, "_runtime": 103.83497405052185, "_step": 59, "Test loss": 0.005364698566496373, "Epoch": 19, "Test Accuracy": 0.925, "_wandb": {"runtime": 99}}