{"loss": 0.0007317489944398403, "_timestamp": 1710334466.8674839, "_runtime": 138.53677892684937, "_step": 59, "Test loss": 0.0012081843493506313, "Epoch": 19, "Test Accuracy": 0.981, "_wandb": {"runtime": 136}}