{"loss": 2.306633710861206, "_timestamp": 1702951682.749177, "_runtime": 179.3723599910736, "_step": 89, "Test loss": 0.03676143419742584, "Test Accuracy": 0.5205, "_wandb": {"runtime": 178}}