{"loss": 0.10845691710710526, "_timestamp": 1710404290.882767, "_runtime": 119.42064785957336, "_step": 59, "Test loss": 0.0011487061269581317, "Epoch": 19, "Test Accuracy": 0.979, "_wandb": {"runtime": 118}}