{"loss": 0.4962155222892761, "_timestamp": 1711956423.3430736, "_runtime": 17.82548761367798, "_step": 179, "Test loss": 0.15125978343627033, "epoch": 59, "Test Accuracy": 0.8235294117647058, "_wandb": {"runtime": 16}}