{"loss": 1.5516026020050049, "_timestamp": 1712828999.1811306, "_runtime": 131.82962274551392, "_step": 59, "Test loss": 0.007656657874584198, "Epoch": 19, "Test Accuracy": 0.966, "_wandb": {"runtime": 130}}