{"loss": 0.0049171471036970615, "_timestamp": 1705050161.1521578, "_runtime": 34.65426778793335, "_step": 239, "Test loss": 0.18391490683836095, "epoch": 79, "Test Accuracy": 0.7647058823529411, "_wandb": {"runtime": 33}}