{"loss": 0.6234685182571411, "_timestamp": 1702810025.8711298, "_runtime": 322.0939767360687, "_step": 179, "Test loss": 0.010535435050725937, "Test Accuracy": 0.61, "_wandb": {"runtime": 321}}