{"loss": 0.02055007591843605, "_timestamp": 1711956974.9595807, "_runtime": 16.32817554473877, "_step": 179, "Test loss": 0.30112126885968094, "epoch": 59, "Test Accuracy": 0.8235294117647058, "_wandb": {"runtime": 15}}