{"loss": 0.6937164068222046, "_timestamp": 1700542381.3856292, "_runtime": 186.90446209907532, "_step": 98, "Test loss": 0.01108897876739502, "Test Accuracy": 0.496, "_wandb": {"runtime": 187}}