{"loss": 0.02100420370697975, "_timestamp": 1712388117.7160988, "_runtime": 26.14257574081421, "_step": 179, "Test loss": 0.10983577310381566, "epoch": 59, "Test Accuracy": 0.8235294117647058, "_wandb": {"runtime": 25}}