{"loss": 0.4359062612056732, "_timestamp": 1711953188.4395175, "_runtime": 16.708820581436157, "_step": 179, "Test loss": 0.35029380812364463, "epoch": 59, "Test Accuracy": 0.8235294117647058, "_wandb": {"runtime": 15}}