{"loss": 0.29945626854896545, "_timestamp": 1710403874.6851888, "_runtime": 117.71320366859436, "_step": 59, "Test loss": 0.009190709814429283, "Epoch": 19, "Test Accuracy": 0.778, "_wandb": {"runtime": 116}}