{"loss": 1.2843918800354004, "_timestamp": 1712828433.7506397, "_runtime": 138.1022765636444, "_step": 59, "Test loss": 0.023216037571430207, "Epoch": 19, "Test Accuracy": 0.9145, "_wandb": {"runtime": 135}}