{"loss": 0.04957478493452072, "_timestamp": 1710385684.3443584, "_runtime": 149.4873824119568, "_step": 59, "Test loss": 1.627441578602884e-05, "Epoch": 19, "Test Accuracy": 0.9995, "_wandb": {"runtime": 148}}