{"loss": 0.0958893895149231, "_timestamp": 1710336389.6885386, "_runtime": 158.10421061515808, "_step": 59, "Test loss": 0.001033060131012462, "Epoch": 19, "Test Accuracy": 0.9795, "_wandb": {"runtime": 155}}