{"loss": 0.6790556311607361, "_timestamp": 1711958236.7109475, "_runtime": 18.87277054786682, "_step": 179, "Test loss": 0.11114697245990529, "epoch": 59, "Test Accuracy": 0.6470588235294118, "_wandb": {"runtime": 17}}