{"loss": 2.123690128326416, "_timestamp": 1712539408.2604973, "_runtime": 22.566165447235107, "_step": 179, "Test loss": 0.47272588378366304, "epoch": 59, "Test Accuracy": 0.7647058823529411, "_wandb": {"runtime": 21}}