{"loss": 0.43552491068840027, "_timestamp": 1712391457.350671, "_runtime": 17.74601697921753, "_step": 179, "Test loss": 0.35016429950209227, "epoch": 59, "Test Accuracy": 0.8235294117647058, "_wandb": {"runtime": 16}}