{"loss": 0.00022597676434088498, "_timestamp": 1709713297.1859207, "_runtime": 111.1730318069458, "_step": 47, "Test loss": 3.044154422241263e-06, "Epoch": 15, "Test Accuracy": 1.0, "_wandb": {"runtime": 111}}