{"loss": 0.684827446937561, "_timestamp": 1711952857.560888, "_runtime": 16.968135118484497, "_step": 179, "Test loss": 0.18890693257836735, "epoch": 59, "Test Accuracy": 0.5882352941176471, "_wandb": {"runtime": 15}}