{"loss": 0.9273988604545593, "_timestamp": 1703732941.0755434, "_runtime": 21.013195514678955, "_step": 299, "Test loss": 0.36520513015634876, "Test Accuracy": 0.5882352941176471, "_wandb": {"runtime": 19}}