{"loss": 0.026147417724132538, "_timestamp": 1709714046.1324375, "_runtime": 139.9166214466095, "_step": 59, "Test loss": 0.0009019533544051228, "Epoch": 19, "Test Accuracy": 0.9805, "_wandb": {"runtime": 138}}