{"loss": 0.1771252453327179, "_timestamp": 1711957108.3425748, "_runtime": 18.747658729553223, "_step": 179, "Test loss": 0.11312749455956851, "epoch": 59, "Test Accuracy": 0.6470588235294118, "_wandb": {"runtime": 17}}