{"loss": 0.006307370029389858, "_timestamp": 1701416738.6514623, "_runtime": 146.53894233703613, "_step": 89, "Test loss": 0.023753250256562844, "Test Accuracy": 0.9230769230769231, "_wandb": {"runtime": 140}}