{"loss": 0.014006281271576881, "_timestamp": 1711596345.225623, "_runtime": 139.02631998062134, "_step": 59, "Test loss": 0.002011496158782393, "Epoch": 19, "Test Accuracy": 0.9645, "_wandb": {"runtime": 138}}