{"loss": 0.042760059237480164, "_timestamp": 1709454693.033082, "_runtime": 224.14497709274292, "_step": 104, "Test loss": 0.02427657863497734, "Test Accuracy": 0.8075, "_wandb": {"runtime": 223}}