{"loss": 0.0750337764620781, "_timestamp": 1702958433.1045728, "_runtime": 41.818429708480835, "_step": 272, "Test loss": 3.2579965114593508, "Test Accuracy": 0.3, "_wandb": {"runtime": 40}}