{"loss": 0.030400818213820457, "_timestamp": 1702301138.3283162, "_runtime": 57.38519024848938, "_step": 89, "Test loss": 0.0005434457011319495, "Test Accuracy": 1.0, "_wandb": {"runtime": 56}}