{"loss": 0.5416819453239441, "_timestamp": 1702808111.6880152, "_runtime": 323.41800022125244, "_step": 179, "Test loss": 0.008497800871729851, "Test Accuracy": 0.794, "_wandb": {"runtime": 322}}