{"loss": 1.3113737106323242, "_timestamp": 1702958269.9538062, "_runtime": 105.14277625083923, "_step": 44, "Test loss": 0.009704974964261055, "Test Accuracy": 0.9585, "_wandb": {"runtime": 105}}