{"loss": 0.011236120946705341, "_timestamp": 1711595164.3863347, "_runtime": 127.26387476921082, "_step": 59, "Test loss": 0.0009767461670562624, "Epoch": 19, "Test Accuracy": 0.986, "_wandb": {"runtime": 126}}