{"loss": 0.17190222442150116, "_timestamp": 1709711302.5068438, "_runtime": 91.69198870658875, "_step": 38, "Test loss": 0.005764918603003025, "Epoch": 12, "Test Accuracy": 0.883, "_wandb": {"runtime": 91}}