{"loss": 0.8088598847389221, "_timestamp": 1711947286.1955476, "_runtime": 134.72582149505615, "_step": 59, "Test loss": 0.021216616421937944, "Epoch": 19, "Test Accuracy": 0.895, "_wandb": {"runtime": 133}}