{"loss": 0.21532900631427765, "_timestamp": 1709713572.3210404, "_runtime": 31.65413737297058, "_step": 8, "Test loss": 0.0031810441724956034, "Epoch": 2, "Test Accuracy": 0.981, "_wandb": {"runtime": 31}}