{"loss": 0.00550954882055521, "_timestamp": 1711615767.2298265, "_runtime": 30.995227336883545, "_step": 239, "Test loss": 0.4089726537794751, "epoch": 79, "Test Accuracy": 0.7647058823529411, "_wandb": {"runtime": 30}}