{"loss": 0.0659138485789299, "_timestamp": 1700538550.2629147, "_runtime": 168.03719663619995, "_step": 89, "Test loss": 0.0010190134497825055, "Test Accuracy": 0.979, "_wandb": {"runtime": 167}}