{"loss": 0.00729789026081562, "_timestamp": 1711596970.072605, "_runtime": 138.73576498031616, "_step": 59, "Test loss": 0.0007722510501916986, "Epoch": 19, "Test Accuracy": 0.985, "_wandb": {"runtime": 137}}