{"loss": 0.6666232347488403, "_timestamp": 1702813304.2510042, "_runtime": 14.095027208328247, "_step": 179, "Test loss": 0.04136501340305104, "Test Accuracy": 0.5882352941176471, "_wandb": {"runtime": 13}}