{"loss": 1.5515170097351074, "_timestamp": 1710380473.5463233, "_runtime": 134.95096826553345, "_step": 59, "Test loss": 0.007657306790351867, "Epoch": 19, "Test Accuracy": 0.965, "_wandb": {"runtime": 134}}