{"loss": 0.0034405726473778486, "_timestamp": 1709714875.282452, "_runtime": 89.78832221031189, "_step": 36, "Test loss": 0.08028370726108551, "Epoch": 11, "Test Accuracy": 0.623, "_wandb": {"runtime": 87}}