{"loss": 0.2704063653945923, "_timestamp": 1709518423.8309479, "_runtime": 211.9765009880066, "_step": 104, "Test loss": 0.0031580491922795773, "Test Accuracy": 0.9815, "_wandb": {"runtime": 211}}