{"loss": 0.014517837204039097, "_timestamp": 1703731998.469831, "_runtime": 93.80469489097595, "_step": 113, "Test loss": 0.32258508012101456, "Test Accuracy": 0.4594594594594595, "_wandb": {"runtime": 94}}