{"loss": 0.1443839818239212, "_timestamp": 1710406818.3073554, "_runtime": 112.37914633750916, "_step": 59, "Test loss": 0.11722042346000672, "Epoch": 19, "Test Accuracy": 0.504, "_wandb": {"runtime": 111}}