{"loss": 0.269264817237854, "_timestamp": 1700982349.569663, "_runtime": 29.71376395225525, "_step": 89, "Test loss": 0.2948852196717874, "Test Accuracy": 0.5128205128205128, "_wandb": {"runtime": 23}}