{"loss": 0.14942987263202667, "_timestamp": 1709451895.8920233, "_runtime": 133.08544921875, "_step": 59, "Test loss": 0.05283117127418518, "Test Accuracy": 0.764, "_wandb": {"runtime": 132}}