{"loss": 0.016351476311683655, "_timestamp": 1710418905.740373, "_runtime": 100.16399478912354, "_step": 59, "Test loss": 0.0021931738667190074, "Epoch": 19, "Test Accuracy": 0.9635, "_wandb": {"runtime": 99}}