{"loss": 0.6604526042938232, "_timestamp": 1701930588.3555655, "_runtime": 15.813265562057495, "_step": 89, "Test loss": 0.01877476556881054, "Test Accuracy": 0.4594594594594595, "_wandb": {"runtime": 14}}