{"loss": 0.19462452828884125, "_timestamp": 1710382127.8928878, "_runtime": 100.33537888526917, "_step": 59, "Test loss": 0.0053062189444899556, "Epoch": 19, "Test Accuracy": 0.9245, "_wandb": {"runtime": 99}}