{"loss": 0.7174071669578552, "_timestamp": 1710405669.9840746, "_runtime": 117.62573266029358, "_step": 59, "Test loss": 0.010678487807512283, "Epoch": 19, "Test Accuracy": 0.6575, "_wandb": {"runtime": 116}}