{"loss": 2.31554913520813, "_timestamp": 1702806205.4199967, "_runtime": 183.54362964630127, "_step": 89, "Test loss": 0.037328917145729064, "Test Accuracy": 0.5025, "_wandb": {"runtime": 182}}