{"loss": 0.34067046642303467, "_timestamp": 1702297243.8122287, "_runtime": 81.56223368644714, "_step": 89, "Test loss": 0.1511810025952293, "Test Accuracy": 0.5024679170779862, "_wandb": {"runtime": 80}}