{"loss": 0.4341367781162262, "_timestamp": 1711958105.6544917, "_runtime": 17.192769765853882, "_step": 179, "Test loss": 0.3504328026491053, "epoch": 59, "Test Accuracy": 0.8235294117647058, "_wandb": {"runtime": 16}}