{"loss": 5.269331932067871, "_timestamp": 1711952338.958796, "_runtime": 22.499223947525024, "_step": 179, "Test loss": 3.384790027842802, "epoch": 59, "Test Accuracy": 0.11764705882352941, "_wandb": {"runtime": 21}}