{"loss": 0.011807434260845184, "_timestamp": 1712387957.9531827, "_runtime": 25.547770738601685, "_step": 179, "Test loss": 0.6282338061753441, "epoch": 59, "Test Accuracy": 0.6470588235294118, "_wandb": {"runtime": 24}}