{"loss": 0.7416223883628845, "_timestamp": 1702951356.5121694, "_runtime": 180.15934443473816, "_step": 89, "Test loss": 0.018241096168756486, "Test Accuracy": 0.8495, "_wandb": {"runtime": 179}}