{"loss": 1.2964720726013184, "_timestamp": 1710380925.1477056, "_runtime": 136.7099826335907, "_step": 59, "Test loss": 0.02512577700614929, "Epoch": 19, "Test Accuracy": 0.904, "_wandb": {"runtime": 135}}