{"loss": 0.5761560201644897, "_timestamp": 1700980676.3433554, "_runtime": 26.652745485305786, "_step": 3, "Test loss": 0.04423451554775238, "Test Accuracy": 0.874, "_wandb": {"runtime": 21}}