{"loss": 0.7325483560562134, "_timestamp": 1711955170.0489495, "_runtime": 16.736615419387817, "_step": 179, "Test loss": 0.18443434028064504, "epoch": 59, "Test Accuracy": 0.7058823529411765, "_wandb": {"runtime": 15}}