{"loss": 0.014886612072587013, "_timestamp": 1712827524.2700384, "_runtime": 141.46760034561157, "_step": 59, "Test loss": 0.0020232154689729213, "Epoch": 19, "Test Accuracy": 0.964, "_wandb": {"runtime": 140}}