{"loss": 2.2287511825561523, "_timestamp": 1711608110.9779298, "_runtime": 134.82389187812805, "_step": 59, "Test loss": 0.03230822783708572, "Epoch": 19, "Test Accuracy": 0.868, "_wandb": {"runtime": 134}}