{"loss": 2.6402804851531982, "_timestamp": 1711955454.4712324, "_runtime": 22.6409695148468, "_step": 179, "Test loss": 0.3402232527732849, "epoch": 59, "Test Accuracy": 0.8235294117647058, "_wandb": {"runtime": 21}}