{"loss": 0.38542640209198, "_timestamp": 1705048150.9128776, "_runtime": 21.517038583755493, "_step": 239, "Test loss": 0.09280653210247264, "Test Accuracy": 0.8235294117647058, "_wandb": {"runtime": 20}}