{"loss": 1.8016105890274048, "_timestamp": 1711615811.2580442, "_runtime": 27.94173812866211, "_step": 239, "Test loss": 0.3412436422179727, "epoch": 79, "Test Accuracy": 0.47058823529411764, "_wandb": {"runtime": 27}}