{"loss": 0.002114329719915986, "_timestamp": 1700982690.407933, "_runtime": 195.33212208747864, "_step": 89, "Test loss": 9.752317983657122e-05, "Test Accuracy": 0.998, "_wandb": {"runtime": 188}}