{"loss": 0.010352017357945442, "_timestamp": 1702815557.8235378, "_runtime": 56.50387787818909, "_step": 119, "Test loss": 0.2564443588256836, "Test Accuracy": 0.5, "_wandb": {"runtime": 55}}