{"loss": 0.013650268316268921, "_timestamp": 1711595736.2516494, "_runtime": 133.71077942848206, "_step": 59, "Test loss": 0.00018939617241267115, "Epoch": 19, "Test Accuracy": 0.997, "_wandb": {"runtime": 132}}