{"loss": 0.0012926674680784345, "_timestamp": 1709712275.2140148, "_runtime": 126.9083046913147, "_step": 59, "Test loss": 0.0995260615348816, "Epoch": 19, "Test Accuracy": 0.504, "_wandb": {"runtime": 125}}