{"loss": 0.7857345342636108, "_timestamp": 1710405533.5783057, "_runtime": 116.79588770866394, "_step": 59, "Test loss": 0.011998963862657547, "Epoch": 19, "Test Accuracy": 0.7745, "_wandb": {"runtime": 115}}