{"loss": 0.5586035847663879, "_timestamp": 1711946689.1126966, "_runtime": 137.81870365142822, "_step": 59, "Test loss": 0.006987739637494087, "Epoch": 19, "Test Accuracy": 0.964, "_wandb": {"runtime": 137}}