{"loss": 0.07243198156356812, "_timestamp": 1710333781.508439, "_runtime": 136.06881403923035, "_step": 59, "Test loss": 0.05207353103160858, "Epoch": 19, "Test Accuracy": 0.4395, "_wandb": {"runtime": 130}}