{"loss": 0.468729168176651, "_timestamp": 1702296967.0704298, "_runtime": 84.13474774360657, "_step": 89, "Test loss": 0.006717770938694418, "Test Accuracy": 0.8400789733464955, "_wandb": {"runtime": 83}}