{"loss": 0.011017443612217903, "_timestamp": 1709709631.5426908, "_runtime": 230.90250873565674, "_step": 89, "Test loss": 0.1325206265449524, "Test Accuracy": 0.802, "_wandb": {"runtime": 229}}