{"loss": 5.372775077819824, "_timestamp": 1710382240.643371, "_runtime": 94.24661207199097, "_step": 59, "Test loss": 0.0011585478466004133, "Epoch": 19, "Test Accuracy": 0.9865, "_wandb": {"runtime": 93}}