{"loss": 1.1399670839309692, "_timestamp": 1709453914.6650782, "_runtime": 233.62579107284546, "_step": 104, "Test loss": 0.009785425499081611, "Test Accuracy": 0.924, "_wandb": {"runtime": 232}}