{"loss": 0.576528787612915, "_timestamp": 1702295161.5988414, "_runtime": 12.924809455871582, "_step": 89, "Test loss": 0.029858651486310093, "Test Accuracy": 0.5909090909090909, "_wandb": {"runtime": 11}}