{"loss": 0.577355146408081, "_timestamp": 1701931432.2542791, "_runtime": 13.358700037002563, "_step": 89, "Test loss": 0.0669797420501709, "Test Accuracy": 0.8, "_wandb": {"runtime": 12}}