{"loss": 0.030377665534615517, "_timestamp": 1702296865.1817124, "_runtime": 89.44536328315735, "_step": 89, "Test loss": 0.0003183099486279464, "Test Accuracy": 1.0, "_wandb": {"runtime": 88}}