{"loss": 1.2305840253829956, "_timestamp": 1700982302.892976, "_runtime": 31.290420055389404, "_step": 89, "Test loss": 0.06635872994439077, "Test Accuracy": 0.652542372881356, "_wandb": {"runtime": 27}}