{"loss": 0.715307354927063, "_timestamp": 1711616136.9021757, "_runtime": 28.406012773513794, "_step": 239, "Test loss": 0.9044562648324406, "epoch": 79, "Test Accuracy": 0.7647058823529411, "_wandb": {"runtime": 27}}