{"loss": 0.6190025210380554, "_timestamp": 1712391129.1071336, "_runtime": 15.921740531921387, "_step": 179, "Test loss": 0.3672318879295798, "epoch": 59, "Test Accuracy": 0.7058823529411765, "_wandb": {"runtime": 15}}