{"loss": 0.019667072221636772, "_timestamp": 1709715971.389445, "_runtime": 140.981614112854, "_step": 56, "Test loss": 0.0015660082900431007, "Epoch": 18, "Test Accuracy": 0.9835, "_wandb": {"runtime": 144}}