{"loss": 0.020701074972748756, "_timestamp": 1711595322.9752038, "_runtime": 141.6300506591797, "_step": 59, "Test loss": 0.0023017044910229744, "Epoch": 19, "Test Accuracy": 0.9725, "_wandb": {"runtime": 140}}