{"loss": 0.056081052869558334, "_timestamp": 1710407094.6463242, "_runtime": 119.30433511734009, "_step": 59, "Test loss": 0.001315082386136055, "Epoch": 19, "Test Accuracy": 0.9675, "_wandb": {"runtime": 118}}