{"loss": 1.7636537551879883, "_timestamp": 1710382007.3019388, "_runtime": 98.63327169418335, "_step": 59, "Test loss": 0.0005949464715085923, "Epoch": 19, "Test Accuracy": 0.991, "_wandb": {"runtime": 97}}