{"loss": 0.004308577626943588, "_timestamp": 1700980904.1110082, "_runtime": 93.02455425262451, "_step": 56, "Test loss": 0.10712017851360774, "Test Accuracy": 0.4067796610169492, "_wandb": {"runtime": 89}}