{"loss": 0.15596473217010498, "_timestamp": 1703732724.7634137, "_runtime": 87.29263067245483, "_step": 125, "Test loss": 0.2610924952738994, "Test Accuracy": 0.5135135135135135, "_wandb": {"runtime": 87}}