{"loss": 0.6070520877838135, "_timestamp": 1710380769.574638, "_runtime": 126.14888286590576, "_step": 59, "Test loss": 0.006578280620276928, "Epoch": 19, "Test Accuracy": 0.971, "_wandb": {"runtime": 124}}