{"loss": 0.00020883277466055006, "_timestamp": 1705051101.782127, "_runtime": 74.0873339176178, "_step": 899, "Test loss": 0.5530669076149078, "epoch": 299, "Test Accuracy": 0.7647058823529411, "_wandb": {"runtime": 73}}