{"loss": 0.4183838963508606, "_timestamp": 1702805090.8482413, "_runtime": 187.14678239822388, "_step": 89, "Test loss": 0.00713490467518568, "Test Accuracy": 0.9505, "_wandb": {"runtime": 186}}