{"loss": 0.0003303692501503974, "_timestamp": 1711596516.967367, "_runtime": 134.13621497154236, "_step": 59, "Test loss": 3.888249735609861e-06, "Epoch": 19, "Test Accuracy": 1.0, "_wandb": {"runtime": 133}}