{"loss": 0.0013410138199105859, "_timestamp": 1705050873.8261504, "_runtime": 104.56389331817627, "_step": 899, "Test loss": 0.3286430055528292, "epoch": 299, "Test Accuracy": 0.5882352941176471, "_wandb": {"runtime": 103}}