{"loss": 0.748457670211792, "_timestamp": 1712387997.1531782, "_runtime": 23.477421283721924, "_step": 179, "Test loss": 0.1870299047406982, "epoch": 59, "Test Accuracy": 0.7647058823529411, "_wandb": {"runtime": 22}}