{"loss": 1.4703516960144043, "_timestamp": 1712541862.6610425, "_runtime": 18.060609340667725, "_step": 89, "Test loss": 1.670699484208051, "epoch": 29, "Test Accuracy": 0.6470588235294118, "_wandb": {"runtime": 16}}