{"loss": 0.34490206837654114, "_timestamp": 1710383784.7339802, "_runtime": 130.53060126304626, "_step": 59, "Test loss": 0.0001363316969946027, "Epoch": 19, "Test Accuracy": 0.9985, "_wandb": {"runtime": 129}}