{"loss": 0.47653236985206604, "_timestamp": 1711616270.915493, "_runtime": 28.432838916778564, "_step": 239, "Test loss": 0.17775186019785263, "epoch": 79, "Test Accuracy": 0.9411764705882353, "_wandb": {"runtime": 27}}