{"loss": 0.07365276664495468, "_timestamp": 1710384227.1210163, "_runtime": 134.95403838157654, "_step": 59, "Test loss": 0.0017868271991610526, "Epoch": 19, "Test Accuracy": 0.968, "_wandb": {"runtime": 134}}