{"loss": 0.13385224342346191, "_timestamp": 1711952548.7165298, "_runtime": 15.976574897766113, "_step": 179, "Test loss": 0.26033952832221985, "epoch": 59, "Test Accuracy": 0.5294117647058824, "_wandb": {"runtime": 15}}