{"loss": 0.12593591213226318, "_timestamp": 1705050562.8355947, "_runtime": 43.75004553794861, "_step": 899, "Test loss": 0.0656254162244937, "epoch": 299, "Test Accuracy": 0.8235294117647058, "_wandb": {"runtime": 42}}