{"loss": 0.39763692021369934, "_timestamp": 1711957621.229528, "_runtime": 22.87550187110901, "_step": 179, "Test loss": 0.17659105535815744, "epoch": 59, "Test Accuracy": 0.8823529411764706, "_wandb": {"runtime": 21}}