{"loss": 0.6015431880950928, "_timestamp": 1712541758.428813, "_runtime": 25.09888792037964, "_step": 179, "Test loss": 0.8878236623371348, "epoch": 59, "Test Accuracy": 0.7647058823529411, "_wandb": {"runtime": 23}}