{"loss": 0.1395573765039444, "_timestamp": 1709716900.3093233, "_runtime": 116.53186440467834, "_step": 59, "Test loss": 0.14039438700675963, "Epoch": 19, "Test Accuracy": 0.504, "_wandb": {"runtime": 114}}