{"loss": 0.41524961590766907, "_timestamp": 1711946982.4158165, "_runtime": 127.75284552574158, "_step": 59, "Test loss": 0.007012773111462593, "Epoch": 19, "Test Accuracy": 0.9675, "_wandb": {"runtime": 126}}