{"loss": 2.3904988765716553, "_timestamp": 1710381647.9385571, "_runtime": 103.88809013366699, "_step": 59, "Test loss": 0.044663184046745304, "Epoch": 19, "Test Accuracy": 0.839, "_wandb": {"runtime": 103}}