{"loss": 0.5471376180648804, "_timestamp": 1710404667.4084783, "_runtime": 118.22016334533691, "_step": 59, "Test loss": 0.007708449929952622, "Epoch": 19, "Test Accuracy": 0.758, "_wandb": {"runtime": 117}}