{"loss": 0.5161786675453186, "_timestamp": 1701413961.7614155, "_runtime": 153.0740945339203, "_step": 89, "Test loss": 0.0087040746062994, "Test Accuracy": 0.8595, "_wandb": {"runtime": 148}}