{"loss": 0.7287931442260742, "_timestamp": 1702810769.1625698, "_runtime": 320.94372487068176, "_step": 179, "Test loss": 0.011166299372911453, "Test Accuracy": 0.513, "_wandb": {"runtime": 319}}