{"loss": 0.41530099511146545, "_timestamp": 1712828279.4141695, "_runtime": 123.81658053398132, "_step": 59, "Test loss": 0.007033602446317673, "Epoch": 19, "Test Accuracy": 0.968, "_wandb": {"runtime": 122}}