{"loss": 0.5783685445785522, "_timestamp": 1702809627.4062355, "_runtime": 317.6106674671173, "_step": 179, "Test loss": 0.009865566909313202, "Test Accuracy": 0.719, "_wandb": {"runtime": 316}}