{"loss": 0.6153640151023865, "_timestamp": 1712388744.025304, "_runtime": 23.23115611076355, "_step": 179, "Test loss": 0.18779449296348236, "epoch": 59, "Test Accuracy": 0.8235294117647058, "_wandb": {"runtime": 22}}