{"loss": 1.4339909553527832, "_timestamp": 1710318433.7064557, "_runtime": 105.5943706035614, "_step": 59, "Test loss": 0.03990432757139206, "Epoch": 19, "Test Accuracy": 0.8665, "_wandb": {"runtime": 103}}