{"loss": 0.22657854855060577, "_timestamp": 1710404936.5366855, "_runtime": 121.64346551895142, "_step": 59, "Test loss": 0.003926020130515098, "Epoch": 19, "Test Accuracy": 0.8995, "_wandb": {"runtime": 120}}