{"loss": 0.6239446401596069, "_timestamp": 1711953320.4461343, "_runtime": 19.458421230316162, "_step": 179, "Test loss": 0.10942239971721873, "epoch": 59, "Test Accuracy": 0.5882352941176471, "_wandb": {"runtime": 18}}