{"loss": 0.8737457394599915, "_timestamp": 1701413529.9580317, "_runtime": 171.45580172538757, "_step": 89, "Test loss": 0.004807434014976025, "Test Accuracy": 0.9655, "_wandb": {"runtime": 167}}