{"loss": 0.00011275368888163939, "_timestamp": 1700536527.9798017, "_runtime": 186.63552474975586, "_step": 89, "Test loss": 0.02255787190794945, "Test Accuracy": 0.585, "_wandb": {"runtime": 185}}