{"loss": 0.018101314082741737, "_timestamp": 1710385303.9356418, "_runtime": 132.35666275024414, "_step": 59, "Test loss": 0.0010379986467887647, "Epoch": 19, "Test Accuracy": 0.977, "_wandb": {"runtime": 131}}