{"loss": 6.632716178894043, "_timestamp": 1703732085.18815, "_runtime": 11.627158880233765, "_step": 17, "Test loss": 0.18640400912310626, "Test Accuracy": 0.0, "_wandb": {"runtime": 10}}