{"loss": 0.22003108263015747, "_timestamp": 1705048928.9515045, "_runtime": 24.94219946861267, "_step": 239, "Test loss": 0.09735852392280803, "Test Accuracy": 0.8823529411764706, "_wandb": {"runtime": 24}}