{"loss": 0.0008997684344649315, "_timestamp": 1711617376.2603457, "_runtime": 28.17385959625244, "_step": 239, "Test loss": 0.5561004335827687, "epoch": 79, "Test Accuracy": 0.6470588235294118, "_wandb": {"runtime": 27}}