{"loss": 0.645645797252655, "_timestamp": 1702810396.545439, "_runtime": 321.53449606895447, "_step": 179, "Test loss": 0.010331089824438096, "Test Accuracy": 0.613, "_wandb": {"runtime": 320}}