{"loss": 0.000648552377242595, "_timestamp": 1710385153.4146833, "_runtime": 134.45794224739075, "_step": 59, "Test loss": 0.0009978795880742836, "Epoch": 19, "Test Accuracy": 0.9805, "_wandb": {"runtime": 133}}