{"loss": 0.0036046323366463184, "_timestamp": 1711615855.0183222, "_runtime": 28.62343716621399, "_step": 239, "Test loss": 0.5073109163957483, "epoch": 79, "Test Accuracy": 0.7058823529411765, "_wandb": {"runtime": 27}}