{"loss": 0.5062175393104553, "_timestamp": 1702806587.6989634, "_runtime": 169.6288022994995, "_step": 89, "Test loss": 0.009045429140329362, "Test Accuracy": 0.812, "_wandb": {"runtime": 168}}