{"loss": 0.007299183867871761, "_timestamp": 1711957583.7999897, "_runtime": 25.920583724975586, "_step": 179, "Test loss": 0.8157312589533189, "epoch": 59, "Test Accuracy": 0.7058823529411765, "_wandb": {"runtime": 25}}