{"loss": 0.19461920857429504, "_timestamp": 1704198536.9637582, "_runtime": 62.87480711936951, "_step": 299, "Test loss": 0.5274066075279906, "Test Accuracy": 0.6756756756756757, "_wandb": {"runtime": 62}}