{"loss": 0.20739395916461945, "_timestamp": 1712539229.5938308, "_runtime": 18.24987292289734, "_step": 89, "Test loss": 0.09006666961838217, "epoch": 29, "Test Accuracy": 0.7058823529411765, "_wandb": {"runtime": 17}}