{"loss": 0.0046608829870820045, "_timestamp": 1709713729.1587665, "_runtime": 137.05102348327637, "_step": 59, "Test loss": 4.643357322493102e-06, "Epoch": 19, "Test Accuracy": 1.0, "_wandb": {"runtime": 135}}