{"loss": 0.626475989818573, "_timestamp": 1710406083.1768034, "_runtime": 124.36048746109009, "_step": 59, "Test loss": 0.010152832746505738, "Epoch": 19, "Test Accuracy": 0.7235, "_wandb": {"runtime": 118}}