{"loss": 0.14674653112888336, "_timestamp": 1709711705.0923553, "_runtime": 137.50506019592285, "_step": 59, "Test loss": 0.018784861236810686, "Epoch": 19, "Test Accuracy": 0.792, "_wandb": {"runtime": 135}}