{"loss": 1.551668643951416, "_timestamp": 1710331165.7573588, "_runtime": 164.00776767730713, "_step": 59, "Test loss": 0.0076569635719060895, "Epoch": 19, "Test Accuracy": 0.966, "_wandb": {"runtime": 138}}