{"loss": 2.1635451316833496, "_timestamp": 1705062395.1333973, "_runtime": 12.258569240570068, "_step": 14, "Test loss": 1.3181662559509277, "epoch": 4, "Test Accuracy": 0.47058823529411764, "_wandb": {"runtime": 11}}