{"loss": 0.08968591690063477, "_timestamp": 1710386920.5009952, "_runtime": 98.84794425964355, "_step": 59, "Test loss": 0.019397066056728363, "Epoch": 19, "Test Accuracy": 0.7955, "_wandb": {"runtime": 98}}