{"loss": 0.7331820726394653, "_timestamp": 1712391228.4178507, "_runtime": 17.729782819747925, "_step": 179, "Test loss": 0.184614640824935, "epoch": 59, "Test Accuracy": 0.7647058823529411, "_wandb": {"runtime": 16}}