{"loss": 0.6597573757171631, "_timestamp": 1701932120.8851125, "_runtime": 19.84105944633484, "_step": 0, "_wandb": {"runtime": 18}}