{"loss": 0.5829007625579834, "_timestamp": 1712391489.613455, "_runtime": 16.806961059570312, "_step": 179, "Test loss": 0.2324808765860165, "epoch": 59, "Test Accuracy": 0.7647058823529411, "_wandb": {"runtime": 15}}