{"loss": 0.4342345595359802, "_timestamp": 1711955107.8964071, "_runtime": 16.512409210205078, "_step": 179, "Test loss": 0.3502219319343567, "epoch": 59, "Test Accuracy": 0.8235294117647058, "_wandb": {"runtime": 15}}