{"loss": 0.5789664387702942, "_timestamp": 1712391194.6012268, "_runtime": 16.338437795639038, "_step": 179, "Test loss": 0.23257728183970733, "epoch": 59, "Test Accuracy": 0.7647058823529411, "_wandb": {"runtime": 15}}