{"loss": 0.13697758316993713, "_timestamp": 1711952649.7340007, "_runtime": 18.938076734542847, "_step": 179, "Test loss": 0.17972040877622716, "epoch": 59, "Test Accuracy": 0.5882352941176471, "_wandb": {"runtime": 18}}