{"loss": 0.6031413078308105, "_timestamp": 1702953395.5762858, "_runtime": 313.739718914032, "_step": 179, "Test loss": 0.00987463927268982, "Test Accuracy": 0.633, "_wandb": {"runtime": 312}}