{"loss": 0.04529479518532753, "_timestamp": 1710384709.2807372, "_runtime": 130.2566521167755, "_step": 59, "Test loss": 3.911023278487846e-05, "Epoch": 19, "Test Accuracy": 0.999, "_wandb": {"runtime": 129}}