{"loss": 0.007596219424158335, "_timestamp": 1709711370.2915542, "_runtime": 43.95967721939087, "_step": 14, "Test loss": 0.00035471767070703207, "Epoch": 4, "Test Accuracy": 0.9915, "_wandb": {"runtime": 43}}