{"loss": 2.6303672790527344, "_timestamp": 1712829146.4036682, "_runtime": 130.99464106559753, "_step": 59, "Test loss": 0.03206590521335602, "Epoch": 19, "Test Accuracy": 0.8665, "_wandb": {"runtime": 129}}