{"loss": 0.49576711654663086, "_timestamp": 1712391560.9968965, "_runtime": 18.12880039215088, "_step": 179, "Test loss": 0.15123039484024048, "epoch": 59, "Test Accuracy": 0.8235294117647058, "_wandb": {"runtime": 17}}