{"loss": 6.327381610870361, "_timestamp": 1710381523.0251024, "_runtime": 95.18398141860962, "_step": 59, "Test loss": 0.012377441197633744, "Epoch": 19, "Test Accuracy": 0.9545, "_wandb": {"runtime": 94}}