{"loss": 0.5497856736183167, "_timestamp": 1702807463.7099023, "_runtime": 328.01547718048096, "_step": 179, "Test loss": 0.007632473915815353, "Test Accuracy": 0.86, "_wandb": {"runtime": 326}}