{"loss": 0.6151701211929321, "_timestamp": 1711956290.0570693, "_runtime": 15.646721363067627, "_step": 179, "Test loss": 0.36776171011083264, "epoch": 59, "Test Accuracy": 0.7058823529411765, "_wandb": {"runtime": 14}}