{"loss": 0.11098818480968475, "_timestamp": 1712388783.6291132, "_runtime": 24.439443111419678, "_step": 179, "Test loss": 0.18563935160636902, "epoch": 59, "Test Accuracy": 0.6470588235294118, "_wandb": {"runtime": 23}}