{"loss": 0.2685108780860901, "_timestamp": 1709712731.754265, "_runtime": 135.28723907470703, "_step": 59, "Test loss": 0.0032576203215867283, "Epoch": 19, "Test Accuracy": 0.941, "_wandb": {"runtime": 133}}