{"loss": 0.01178013440221548, "_timestamp": 1705046759.976487, "_runtime": 51.11028981208801, "_step": 239, "Test loss": 1.34439936443232, "Test Accuracy": 0.5882352941176471, "_wandb": {"runtime": 50}}