{"loss": 5.846885681152344, "_timestamp": 1710381408.6825614, "_runtime": 99.50223851203918, "_step": 59, "Test loss": 0.054273158192634584, "Epoch": 19, "Test Accuracy": 0.7615, "_wandb": {"runtime": 98}}