{"loss": 0.009360862895846367, "_timestamp": 1705050727.0279937, "_runtime": 70.26789975166321, "_step": 899, "Test loss": 0.28385748363593044, "epoch": 299, "Test Accuracy": 0.8235294117647058, "_wandb": {"runtime": 69}}