{"loss": 0.01173559669405222, "_timestamp": 1710383022.4962206, "_runtime": 122.91550064086914, "_step": 59, "Test loss": 0.0006137734809890389, "Epoch": 19, "Test Accuracy": 0.992, "_wandb": {"runtime": 122}}