{"loss": 0.49823373556137085, "_timestamp": 1711953752.8697007, "_runtime": 18.389041662216187, "_step": 179, "Test loss": 0.15137076027253094, "epoch": 59, "Test Accuracy": 0.8235294117647058, "_wandb": {"runtime": 17}}