{"loss": 0.40216392278671265, "_timestamp": 1701420670.370904, "_runtime": 34.66760802268982, "_step": 14, "Test loss": 0.20501807916944273, "Test Accuracy": 0.397196261682243, "_wandb": {"runtime": 31}}