{"loss": 0.005475801415741444, "_timestamp": 1705049678.0365288, "_runtime": 26.87756371498108, "_step": 239, "Test loss": 0.25096142511157427, "epoch": 79, "Test Accuracy": 0.7058823529411765, "_wandb": {"runtime": 26}}