{"loss": 0.17883320152759552, "_timestamp": 1712389228.773796, "_runtime": 23.76248002052307, "_step": 179, "Test loss": 0.18588551002390244, "epoch": 59, "Test Accuracy": 0.8235294117647058, "_wandb": {"runtime": 22}}