{"loss": 0.6950071454048157, "_timestamp": 1711953719.1523561, "_runtime": 16.987711191177368, "_step": 179, "Test loss": 0.18853610754013062, "epoch": 59, "Test Accuracy": 0.5882352941176471, "_wandb": {"runtime": 16}}