{"loss": 0.00636938726529479, "_timestamp": 1700542934.7963712, "_runtime": 176.30576014518738, "_step": 89, "Test loss": 0.0005197111824527383, "Test Accuracy": 0.991, "_wandb": {"runtime": 175}}