{"loss": 0.7174476385116577, "_timestamp": 1710408438.1795087, "_runtime": 116.80865859985352, "_step": 59, "Test loss": 0.010678535640239715, "Epoch": 19, "Test Accuracy": 0.6575, "_wandb": {"runtime": 115}}