{"loss": 0.009473595768213272, "_timestamp": 1701416897.2134619, "_runtime": 142.5715639591217, "_step": 89, "Test loss": 0.06909633874893188, "Test Accuracy": 0.775, "_wandb": {"runtime": 139}}