{"loss": 0.8038938045501709, "_timestamp": 1712541928.1845179, "_runtime": 17.631629943847656, "_step": 89, "Test loss": 0.4703328188727884, "epoch": 29, "Test Accuracy": 0.8823529411764706, "_wandb": {"runtime": 16}}