{"loss": 0.81790691614151, "_timestamp": 1710334757.4933949, "_runtime": 107.4531979560852, "_step": 59, "Test loss": 0.05720168519020081, "Epoch": 19, "Test Accuracy": 0.547, "_wandb": {"runtime": 101}}