{"loss": 0.32651838660240173, "_timestamp": 1710404531.77701, "_runtime": 116.01800394058228, "_step": 59, "Test loss": 0.0025979075245559217, "Epoch": 19, "Test Accuracy": 0.953, "_wandb": {"runtime": 115}}