{"loss": 0.7333265542984009, "_timestamp": 1711956390.3832269, "_runtime": 16.837538957595825, "_step": 179, "Test loss": 0.18448515499339385, "epoch": 59, "Test Accuracy": 0.7058823529411765, "_wandb": {"runtime": 15}}