{"loss": 0.14368517696857452, "_timestamp": 1700548978.2876577, "_runtime": 193.9603488445282, "_step": 89, "Test loss": 0.0029585703052580356, "Test Accuracy": 0.9425, "_wandb": {"runtime": 193}}