{"loss": 0.00040462709148414433, "_timestamp": 1709450673.13551, "_runtime": 162.88206100463867, "_step": 74, "Test loss": 2.884675050154328e-06, "Test Accuracy": 1.0, "_wandb": {"runtime": 164}}