{"loss": 0.15524154901504517, "_timestamp": 1703732241.9768467, "_runtime": 32.00269365310669, "_step": 299, "Test loss": 1.1801157821627224, "Test Accuracy": 0.6470588235294118, "_wandb": {"runtime": 31}}