{"loss": 5.992094993591309, "_timestamp": 1709716185.443397, "_runtime": 20.877745151519775, "_step": 3, "Test loss": 0.0595469229221344, "Epoch": 0, "Test Accuracy": 0.0, "_wandb": {"runtime": 20}}