{"loss": 1.0602407455444336, "_timestamp": 1701420197.887376, "_runtime": 19.44483709335327, "_step": 0, "_wandb": {"runtime": 13}}