{"loss": 0.01997123472392559, "_timestamp": 1711596189.37107, "_runtime": 141.27719593048096, "_step": 59, "Test loss": 0.00225869212532416, "Epoch": 19, "Test Accuracy": 0.973, "_wandb": {"runtime": 140}}