{"loss": 0.43493321537971497, "_timestamp": 1712542627.486344, "_runtime": 16.969953060150146, "_step": 179, "Test loss": 0.35004721318974213, "epoch": 59, "Test Accuracy": 0.8235294117647058, "_wandb": {"runtime": 15}}