{"loss": 0.0005773334414698184, "_timestamp": 1710387278.1312144, "_runtime": 101.60636138916016, "_step": 59, "Test loss": 0.0010376705927192234, "Epoch": 19, "Test Accuracy": 0.9795, "_wandb": {"runtime": 100}}