{"loss": 0.26013264060020447, "_timestamp": 1711957071.8998299, "_runtime": 17.281327962875366, "_step": 179, "Test loss": 0.12314697223551133, "epoch": 59, "Test Accuracy": 0.7058823529411765, "_wandb": {"runtime": 16}}