{"loss": 0.006517117843031883, "_timestamp": 1701418799.8013444, "_runtime": 130.1182563304901, "_step": 89, "Test loss": 0.302070079705654, "Test Accuracy": 0.46153846153846156, "_wandb": {"runtime": 126}}