{"loss": 0.6795000433921814, "_timestamp": 1712391597.2186131, "_runtime": 19.609488248825073, "_step": 179, "Test loss": 0.11112182280596565, "epoch": 59, "Test Accuracy": 0.6470588235294118, "_wandb": {"runtime": 18}}