{"loss": 0.009035402908921242, "_timestamp": 1705060252.5364974, "_runtime": 113.6323914527893, "_step": 899, "Test loss": 0.1960314476986883, "epoch": 299, "Test Accuracy": 0.7058823529411765, "_wandb": {"runtime": 112}}