{"loss": 0.009296663105487823, "_timestamp": 1711615533.0868006, "_runtime": 26.95322561264038, "_step": 239, "Test loss": 0.36682673039681774, "epoch": 79, "Test Accuracy": 0.7058823529411765, "_wandb": {"runtime": 26}}