{"loss": 0.7755496501922607, "_timestamp": 1705062458.7123363, "_runtime": 13.411855220794678, "_step": 14, "Test loss": 0.34476687978295717, "epoch": 4, "Test Accuracy": 0.5294117647058824, "_wandb": {"runtime": 12}}