{"loss": 0.0895252525806427, "_timestamp": 1712388036.4633722, "_runtime": 23.439791202545166, "_step": 179, "Test loss": 0.1515239144072813, "epoch": 59, "Test Accuracy": 0.7058823529411765, "_wandb": {"runtime": 22}}