{"loss": 0.23592951893806458, "_timestamp": 1711957415.4403696, "_runtime": 23.57462167739868, "_step": 179, "Test loss": 0.20361094702692592, "epoch": 59, "Test Accuracy": 0.8235294117647058, "_wandb": {"runtime": 22}}