{"loss": 0.3670462369918823, "_timestamp": 1705045542.2071102, "_runtime": 29.96920108795166, "_step": 239, "Test loss": 0.7036254896837122, "Test Accuracy": 0.6470588235294118, "_wandb": {"runtime": 29}}