{"loss": 0.1144828051328659, "_timestamp": 1712539062.8592758, "_runtime": 20.32125973701477, "_step": 89, "Test loss": 0.3764558579115307, "epoch": 29, "Test Accuracy": 0.7647058823529411, "_wandb": {"runtime": 18}}