{"loss": 0.03224468231201172, "_timestamp": 1702297146.5060954, "_runtime": 86.10295844078064, "_step": 89, "Test loss": 0.1689591657256327, "Test Accuracy": 0.42941757156959526, "_wandb": {"runtime": 85}}