{"loss": 2.2288479804992676, "_timestamp": 1711946837.564576, "_runtime": 132.64662981033325, "_step": 59, "Test loss": 0.032307797014713285, "Epoch": 19, "Test Accuracy": 0.868, "_wandb": {"runtime": 131}}