{"loss": 0.07750652730464935, "_timestamp": 1710383175.240379, "_runtime": 134.111319065094, "_step": 59, "Test loss": 0.0017919857380911707, "Epoch": 19, "Test Accuracy": 0.968, "_wandb": {"runtime": 133}}