{"loss": 0.4155656099319458, "_timestamp": 1711608253.7394, "_runtime": 127.5222909450531, "_step": 59, "Test loss": 0.007009158879518509, "Epoch": 19, "Test Accuracy": 0.9675, "_wandb": {"runtime": 126}}