{"loss": 0.46890178322792053, "_timestamp": 1701932600.2133765, "_runtime": 90.80734348297119, "_step": 89, "Test loss": 0.006726615667813857, "Test Accuracy": 0.8400789733464955, "_wandb": {"runtime": 89}}