{"loss": 0.36003854870796204, "_timestamp": 1710333950.6638076, "_runtime": 135.37738466262817, "_step": 59, "Test loss": 0.03416953632235527, "Epoch": 19, "Test Accuracy": 0.741, "_wandb": {"runtime": 130}}