{"loss": 0.45878589153289795, "_timestamp": 1700979930.4390426, "_runtime": 46.941967487335205, "_step": 15, "Test loss": 0.007332438185811043, "Test Accuracy": 0.841, "_wandb": {"runtime": 41}}