{"loss": 0.0013328127097338438, "_timestamp": 1710333450.243392, "_runtime": 139.13496088981628, "_step": 59, "Test loss": 0.001333603811915964, "Epoch": 19, "Test Accuracy": 0.969, "_wandb": {"runtime": 134}}