{"loss": 0.5831632018089294, "_timestamp": 1711956357.9025345, "_runtime": 16.2368745803833, "_step": 179, "Test loss": 0.23262727611205158, "epoch": 59, "Test Accuracy": 0.7647058823529411, "_wandb": {"runtime": 15}}