{"loss": 0.6264697313308716, "_timestamp": 1710408849.3510303, "_runtime": 119.44182538986206, "_step": 59, "Test loss": 0.010152790397405624, "Epoch": 19, "Test Accuracy": 0.7235, "_wandb": {"runtime": 118}}