{"loss": 0.5064235329627991, "_timestamp": 1703732845.5589411, "_runtime": 28.384451150894165, "_step": 299, "Test loss": 0.2889208012336009, "Test Accuracy": 0.8108108108108109, "_wandb": {"runtime": 27}}