{"loss": 0.012649903073906898, "_timestamp": 1709712878.1452682, "_runtime": 126.79910111427307, "_step": 59, "Test loss": 0.00045051402389071883, "Epoch": 19, "Test Accuracy": 0.9945, "_wandb": {"runtime": 125}}