{"loss": 0.1162220910191536, "_timestamp": 1705049825.2919593, "_runtime": 21.035550355911255, "_step": 239, "Test loss": 0.15392152000876033, "epoch": 79, "Test Accuracy": 0.8235294117647058, "_wandb": {"runtime": 20}}