{"loss": 0.10837008059024811, "_timestamp": 1701932082.4767234, "_runtime": 51.66815447807312, "_step": 18, "Test loss": 0.1482266735386204, "Test Accuracy": 0.3783783783783784, "_wandb": {"runtime": 50}}