{"loss": 3.019558906555176, "_timestamp": 1702951986.2149796, "_runtime": 80.39410257339478, "_step": 35, "Test loss": 0.0512307915687561, "Test Accuracy": 0.601, "_wandb": {"runtime": 80}}