{"loss": 2.5035321712493896, "_timestamp": 1712541962.3916497, "_runtime": 17.836289644241333, "_step": 89, "Test loss": 0.3443302932907553, "epoch": 29, "Test Accuracy": 0.8823529411764706, "_wandb": {"runtime": 16}}