{"loss": 0.013773897662758827, "_timestamp": 1711594869.5467095, "_runtime": 142.57243251800537, "_step": 59, "Test loss": 0.00019100198871456088, "Epoch": 19, "Test Accuracy": 0.997, "_wandb": {"runtime": 141}}