{"loss": 0.012625391595065594, "_timestamp": 1705048762.1537178, "_runtime": 31.394909858703613, "_step": 239, "Test loss": 0.7342654611257946, "Test Accuracy": 0.5882352941176471, "_wandb": {"runtime": 30}}