{"loss": 0.38231155276298523, "_timestamp": 1705034281.716448, "_runtime": 35.444600105285645, "_step": 239, "Test loss": 0.7991669186774422, "Test Accuracy": 0.5882352941176471, "_wandb": {"runtime": 34}}