{"loss": 0.00029805288068018854, "_timestamp": 1700542678.5170836, "_runtime": 230.50050473213196, "_step": 119, "Test loss": 0.00318922483921051, "Test Accuracy": 0.9245, "_wandb": {"runtime": 233}}