{"loss": 0.16402338445186615, "_timestamp": 1711956832.5116282, "_runtime": 19.341979265213013, "_step": 179, "Test loss": 0.11960724171470194, "epoch": 59, "Test Accuracy": 0.5882352941176471, "_wandb": {"runtime": 18}}