{"loss": 0.008920270949602127, "_timestamp": 1701930676.3681395, "_runtime": 15.248342514038086, "_step": 89, "Test loss": 0.06243167696772395, "Test Accuracy": 0.4594594594594595, "_wandb": {"runtime": 14}}