{"loss": 2.141493082046509, "_timestamp": 1701421029.1875355, "_runtime": 23.296159505844116, "_step": 89, "Test loss": 0.09633670773422509, "Test Accuracy": 0.5263157894736842, "_wandb": {"runtime": 17}}