{"loss": 0.0011974931694567204, "_timestamp": 1709713389.4266486, "_runtime": 79.02564072608948, "_step": 32, "Test loss": 3.604652512876783e-05, "Epoch": 10, "Test Accuracy": 0.999, "_wandb": {"runtime": 78}}