{"loss": 0.39146777987480164, "_timestamp": 1712539488.75166, "_runtime": 24.418061017990112, "_step": 179, "Test loss": 0.28093475191032186, "epoch": 59, "Test Accuracy": 0.5294117647058824, "_wandb": {"runtime": 23}}