{"loss": 0.0005068928585387766, "_timestamp": 1701930644.461658, "_runtime": 15.728885889053345, "_step": 89, "Test loss": 0.1920677649008261, "Test Accuracy": 0.4594594594594595, "_wandb": {"runtime": 14}}