{"loss": 3.281562566757202, "_timestamp": 1709716144.50031, "_runtime": 25.021039962768555, "_step": 5, "Test loss": 0.11115287244319916, "Epoch": 1, "Test Accuracy": 0.8915, "_wandb": {"runtime": 24}}