{"loss": 0.8420893549919128, "_timestamp": 1705062426.6276608, "_runtime": 12.375947713851929, "_step": 14, "Test loss": 0.6852815291460823, "epoch": 4, "Test Accuracy": 0.6470588235294118, "_wandb": {"runtime": 11}}