{"loss": 0.013905437663197517, "_timestamp": 1709454928.9965968, "_runtime": 217.82685470581055, "_step": 104, "Test loss": 0.004338565850630403, "Test Accuracy": 0.93, "_wandb": {"runtime": 217}}