{"loss": 1.2967464923858643, "_timestamp": 1712829440.350271, "_runtime": 136.78512597084045, "_step": 59, "Test loss": 0.025122651517391206, "Epoch": 19, "Test Accuracy": 0.904, "_wandb": {"runtime": 135}}