{"loss": 0.0012194729642942548, "_timestamp": 1710334304.9406645, "_runtime": 141.02290964126587, "_step": 59, "Test loss": 0.0008424401533557103, "Epoch": 19, "Test Accuracy": 0.986, "_wandb": {"runtime": 136}}