{"loss": 0.16865117847919464, "_timestamp": 1705047719.9081905, "_runtime": 24.413456439971924, "_step": 239, "Test loss": 0.15382339323268218, "Test Accuracy": 0.7647058823529411, "_wandb": {"runtime": 23}}