{"loss": 0.13227742910385132, "_timestamp": 1711956944.3110528, "_runtime": 15.671580791473389, "_step": 179, "Test loss": 0.3128788593937369, "epoch": 59, "Test Accuracy": 0.5882352941176471, "_wandb": {"runtime": 14}}