{"loss": 0.16276563704013824, "_timestamp": 1705048241.8502553, "_runtime": 25.139241218566895, "_step": 239, "Test loss": 0.17555597249199362, "Test Accuracy": 0.7647058823529411, "_wandb": {"runtime": 24}}