{"loss": 0.7331176996231079, "_timestamp": 1712391524.3693502, "_runtime": 17.484532117843628, "_step": 179, "Test loss": 0.18445351544548483, "epoch": 59, "Test Accuracy": 0.7647058823529411, "_wandb": {"runtime": 16}}