{"loss": 0.002680809237062931, "_timestamp": 1704200987.2972229, "_runtime": 86.20824074745178, "_step": 899, "Test loss": 0.8615851143703741, "Test Accuracy": 0.7647058823529411, "_wandb": {"runtime": 85}}