{"loss": 4.7229204177856445, "_timestamp": 1710331577.1083899, "_runtime": 62.414262771606445, "_step": 20, "Test loss": 0.07664492583274841, "Epoch": 6, "Test Accuracy": 0.6465}