{"loss": 0.4382918179035187, "_timestamp": 1702958538.3603678, "_runtime": 33.7645046710968, "_step": 156, "Test loss": 0.6466392866663031, "Test Accuracy": 0.8918918918918919, "_wandb": {"runtime": 32}}