{"loss": 0.2144075632095337, "_timestamp": 1709716348.597842, "_runtime": 145.47448205947876, "_step": 59, "Test loss": 0.006193075440824032, "Epoch": 19, "Test Accuracy": 0.9815, "_wandb": {"runtime": 143}}