{"loss": 4.240890979766846, "_timestamp": 1710317844.0361083, "_runtime": 104.13838624954224, "_step": 59, "Test loss": 0.02012164518237114, "Epoch": 19, "Test Accuracy": 0.936, "_wandb": {"runtime": 99}}