{"loss": 0.23378142714500427, "_timestamp": 1701417463.538794, "_runtime": 127.53742909431458, "_step": 89, "Test loss": 0.006601727925814115, "Test Accuracy": 0.9230769230769231, "_wandb": {"runtime": 124}}