{"loss": 0.021596508100628853, "_timestamp": 1712827367.4756944, "_runtime": 143.46571731567383, "_step": 59, "Test loss": 0.002260557702742517, "Epoch": 19, "Test Accuracy": 0.973, "_wandb": {"runtime": 142}}