{"loss": 0.0021241814829409122, "_timestamp": 1700981341.3851037, "_runtime": 137.66731476783752, "_step": 89, "Test loss": 0.10820804612111237, "Test Accuracy": 0.4067796610169492, "_wandb": {"runtime": 133}}