{"loss": 0.788519561290741, "_timestamp": 1702349654.089155, "_runtime": 24.80973196029663, "_step": 17, "Test loss": 0.017429580559601653, "Test Accuracy": 1.0, "_wandb": {"runtime": 24}}