{"loss": 0.4643530547618866, "_timestamp": 1711616183.9826798, "_runtime": 30.875197887420654, "_step": 239, "Test loss": 0.7355257693459006, "epoch": 79, "Test Accuracy": 0.7058823529411765, "_wandb": {"runtime": 30}}