{"loss": 0.33367758989334106, "_timestamp": 1703732620.3642852, "_runtime": 25.536200284957886, "_step": 8, "Test loss": 3.568412127522003, "Test Accuracy": 0.5135135135135135, "_wandb": {"runtime": 26}}