{"loss": 0.005735660903155804, "_timestamp": 1709715809.5171108, "_runtime": 145.11587691307068, "_step": 59, "Test loss": 0.0011941521344706416, "Epoch": 19, "Test Accuracy": 0.9885, "_wandb": {"runtime": 143}}