{"loss": 0.15372374653816223, "_timestamp": 1705058192.5786602, "_runtime": 13.487337350845337, "_step": 18, "Test loss": 0.6453747188343721, "epoch": 5, "Test Accuracy": 1.0, "_wandb": {"runtime": 12}}