{"loss": 0.03633977472782135, "_timestamp": 1705036234.2881668, "_runtime": 26.01418685913086, "_step": 239, "Test loss": 1.3049974651897656, "Test Accuracy": 0.6470588235294118, "_wandb": {"runtime": 25}}