{"loss": 0.027888493612408638, "_timestamp": 1712539609.0376596, "_runtime": 24.447616577148438, "_step": 179, "Test loss": 0.08910141447011162, "epoch": 59, "Test Accuracy": 0.6470588235294118, "_wandb": {"runtime": 23}}