{"loss": 0.1275079846382141, "_timestamp": 1705049254.4312408, "_runtime": 24.692205905914307, "_step": 239, "Test loss": 0.08452432471163132, "epoch": 79, "Test Accuracy": 0.9411764705882353, "_wandb": {"runtime": 23}}