{"loss": 0.43754690885543823, "_timestamp": 1703733039.0215056, "_runtime": 27.841237545013428, "_step": 299, "Test loss": 0.30303108732442596, "Test Accuracy": 0.6216216216216216, "_wandb": {"runtime": 26}}