{"loss": 0.6234031915664673, "_timestamp": 1711953788.3617697, "_runtime": 19.371941566467285, "_step": 179, "Test loss": 0.10934936649659101, "epoch": 59, "Test Accuracy": 0.5882352941176471, "_wandb": {"runtime": 18}}