{"loss": 0.0005972364451736212, "_timestamp": 1700537596.6186373, "_runtime": 196.87481236457825, "_step": 89, "Test loss": 0.0005714219085057266, "Test Accuracy": 0.9905, "_wandb": {"runtime": 196}}