{"loss": 0.0005478300154209137, "_timestamp": 1702813491.1961637, "_runtime": 42.65585255622864, "_step": 450, "Test loss": 0.9649280701859799, "Test Accuracy": 0.6470588235294118, "_wandb": {"runtime": 41}}