{"loss": 0.8088432550430298, "_timestamp": 1712828582.8268387, "_runtime": 133.96486163139343, "_step": 59, "Test loss": 0.021214615494012833, "Epoch": 19, "Test Accuracy": 0.8945, "_wandb": {"runtime": 132}}