{"loss": 0.49696430563926697, "_timestamp": 1711952890.8802683, "_runtime": 17.81846833229065, "_step": 179, "Test loss": 0.15123116619446697, "epoch": 59, "Test Accuracy": 0.8235294117647058, "_wandb": {"runtime": 16}}