{"loss": 1.1260102987289429, "_timestamp": 1710332487.53114, "_runtime": 153.0191810131073, "_step": 59, "Test loss": 0.019601802736520766, "Epoch": 19, "Test Accuracy": 0.912, "_wandb": {"runtime": 147}}