{"loss": 2.3911476135253906, "_timestamp": 1710318307.325359, "_runtime": 114.32850813865662, "_step": 59, "Test loss": 0.04466450071334839, "Epoch": 19, "Test Accuracy": 0.8385, "_wandb": {"runtime": 105}}