{"loss": 0.12830890715122223, "_timestamp": 1710336195.9203029, "_runtime": 162.9858558177948, "_step": 59, "Test loss": 0.0009807369283662412, "Epoch": 19, "Test Accuracy": 0.985, "_wandb": {"runtime": 156}}