{"loss": 1.0602407455444336, "_timestamp": 1701420135.5006294, "_runtime": 19.30716848373413, "_step": 0, "_wandb": {"runtime": 12}}