{"loss": 0.11368446052074432, "_timestamp": 1701420815.3930163, "_runtime": 32.66116738319397, "_step": 83, "Test loss": 0.22102966932492835, "Test Accuracy": 0.4439252336448598, "_wandb": {"runtime": 26}}