{"loss": 3.560256242752075, "_timestamp": 1702295621.291681, "_runtime": 13.493701934814453, "_step": 89, "Test loss": 0.3159200494939631, "Test Accuracy": 0.0, "_wandb": {"runtime": 12}}