{"loss": 6.358526706695557, "_timestamp": 1702813207.470804, "_runtime": 16.161493062973022, "_step": 179, "Test loss": 0.41448262158562155, "Test Accuracy": 0.0, "_wandb": {"runtime": 15}}