{"loss": 0.14362125098705292, "_timestamp": 1711952583.4123852, "_runtime": 17.250832319259644, "_step": 179, "Test loss": 0.16911251054090612, "epoch": 59, "Test Accuracy": 0.7647058823529411, "_wandb": {"runtime": 15}}