{"loss": 0.29664283990859985, "_timestamp": 1710406687.8668213, "_runtime": 117.69286918640137, "_step": 59, "Test loss": 0.006246198430657387, "Epoch": 19, "Test Accuracy": 0.8095, "_wandb": {"runtime": 116}}