{"loss": 0.1966879963874817, "_timestamp": 1712389109.3247604, "_runtime": 23.98182439804077, "_step": 179, "Test loss": 1.1524557664113886, "epoch": 59, "Test Accuracy": 0.8235294117647058, "_wandb": {"runtime": 23}}