{"loss": 2.5665996074676514, "_timestamp": 1702957404.8669474, "_runtime": 31.429062366485596, "_step": 53, "Test loss": 0.35378904600401184, "Test Accuracy": 0.08108108108108109, "_wandb": {"runtime": 30}}