{"loss": 0.4969099462032318, "_timestamp": 1711955205.9737072, "_runtime": 20.25487208366394, "_step": 179, "Test loss": 0.15123879208284266, "epoch": 59, "Test Accuracy": 0.8235294117647058, "_wandb": {"runtime": 18}}