{"loss": 0.25423890352249146, "_timestamp": 1709713147.58319, "_runtime": 49.066932916641235, "_step": 20, "Test loss": 0.025105165600776674, "Epoch": 6, "Test Accuracy": 0.6595, "_wandb": {"runtime": 48}}