{"loss": 0.13126422464847565, "_timestamp": 1702950556.2883017, "_runtime": 216.1700177192688, "_step": 102, "Test loss": 0.005397260718047619, "Test Accuracy": 0.969, "_wandb": {"runtime": 216}}