{"loss": 0.45329365134239197, "_timestamp": 1709454160.4004707, "_runtime": 227.30344462394714, "_step": 104, "Test loss": 0.0077112380266189575, "Test Accuracy": 0.94, "_wandb": {"runtime": 226}}