{"loss": 0.062350403517484665, "_timestamp": 1700540782.0182903, "_runtime": 152.55623531341553, "_step": 89, "Test loss": 0.010791934303939342, "Test Accuracy": 0.823, "_wandb": {"runtime": 151}}