{"loss": 0.09714661538600922, "_timestamp": 1703732152.1843553, "_runtime": 51.06855130195618, "_step": 299, "Test loss": 0.6241883548429689, "Test Accuracy": 0.8108108108108109, "_wandb": {"runtime": 50}}