{"loss": 0.5974433422088623, "_timestamp": 1705047598.5451152, "_runtime": 21.770050287246704, "_step": 239, "Test loss": 0.37338919849956737, "Test Accuracy": 0.5294117647058824, "_wandb": {"runtime": 20}}