{"loss": 0.3122727870941162, "_timestamp": 1710333086.3067303, "_runtime": 135.47644329071045, "_step": 59, "Test loss": 0.0023616920076310636, "Epoch": 19, "Test Accuracy": 0.9525, "_wandb": {"runtime": 131}}