{"loss": 0.002634046832099557, "_timestamp": 1709455428.2626853, "_runtime": 227.65917420387268, "_step": 104, "Test loss": 0.0015882963670883327, "Test Accuracy": 0.976, "_wandb": {"runtime": 226}}