{"loss": 0.11466109752655029, "_timestamp": 1711956727.765529, "_runtime": 15.655350923538208, "_step": 179, "Test loss": 0.24847301665474386, "epoch": 59, "Test Accuracy": 0.5294117647058824, "_wandb": {"runtime": 14}}