{"loss": 0.3729618787765503, "_timestamp": 1711615563.026311, "_runtime": 14.033562898635864, "_step": 26, "Test loss": 0.6839361813138513, "epoch": 8, "Test Accuracy": 0.5294117647058824, "_wandb": {"runtime": 13}}