{"loss": 0.14304667711257935, "_timestamp": 1710404004.333199, "_runtime": 110.57240390777588, "_step": 59, "Test loss": 0.1347221188545227, "Epoch": 19, "Test Accuracy": 0.504, "_wandb": {"runtime": 109}}