{"loss": 0.0029955636709928513, "_timestamp": 1710384999.9175959, "_runtime": 122.7483389377594, "_step": 59, "Test loss": 0.05503734517097473, "Epoch": 19, "Test Accuracy": 0.5125, "_wandb": {"runtime": 121}}