{"loss": 0.676788330078125, "_timestamp": 1712542764.0478313, "_runtime": 19.957441329956055, "_step": 179, "Test loss": 0.11114931106567383, "epoch": 59, "Test Accuracy": 0.5882352941176471, "_wandb": {"runtime": 18}}