{"loss": 0.0367581844329834, "_timestamp": 1711952069.3192737, "_runtime": 24.20275568962097, "_step": 179, "Test loss": 0.1294674378107576, "epoch": 59, "Test Accuracy": 0.7647058823529411, "_wandb": {"runtime": 23}}