{"loss": 0.4963315427303314, "_timestamp": 1712391261.8707538, "_runtime": 18.094923734664917, "_step": 179, "Test loss": 0.151319121613222, "epoch": 59, "Test Accuracy": 0.8235294117647058, "_wandb": {"runtime": 17}}