{"loss": 0.015126975253224373, "_timestamp": 1705034969.9722607, "_runtime": 36.97564172744751, "_step": 239, "Test loss": 0.7811920879518285, "Test Accuracy": 0.6470588235294118, "_wandb": {"runtime": 36}}