{"loss": 0.02488100714981556, "_timestamp": 1710317376.9047923, "_runtime": 113.21635723114014, "_step": 59, "Test loss": 0.0028066878961399196, "Epoch": 19, "Test Accuracy": 0.9535, "_wandb": {"runtime": 107}}