{"loss": 0.11306136101484299, "_timestamp": 1711616361.0709188, "_runtime": 29.7513427734375, "_step": 239, "Test loss": 0.10823456504765679, "epoch": 79, "Test Accuracy": 0.8823529411764706, "_wandb": {"runtime": 29}}