{"loss": 0.02391914092004299, "_timestamp": 1709519191.425695, "_runtime": 29.749307870864868, "_step": 6, "Test loss": 0.0024756242595613005, "Test Accuracy": 0.946}