{"loss": 0.4446913003921509, "_timestamp": 1711953654.9250174, "_runtime": 16.362212419509888, "_step": 179, "Test loss": 0.34966345569666696, "epoch": 59, "Test Accuracy": 0.8235294117647058, "_wandb": {"runtime": 15}}