{"loss": 0.5824969410896301, "_timestamp": 1711958136.9036076, "_runtime": 15.98678469657898, "_step": 179, "Test loss": 0.2325935118338641, "epoch": 59, "Test Accuracy": 0.7647058823529411, "_wandb": {"runtime": 15}}