{"loss": 0.3225456178188324, "_timestamp": 1701418868.5948563, "_runtime": 52.00489521026611, "_step": 32, "Test loss": 0.23871162610176283, "Test Accuracy": 0.5128205128205128, "_wandb": {"runtime": 49}}