{"loss": 0.4432307481765747, "_timestamp": 1711952793.1277661, "_runtime": 17.37815809249878, "_step": 179, "Test loss": 0.34950949163997874, "epoch": 59, "Test Accuracy": 0.8235294117647058, "_wandb": {"runtime": 16}}