{"loss": 0.0019760511349886656, "_timestamp": 1709709279.8103452, "_runtime": 242.23611617088318, "_step": 89, "Test loss": 0.0006393875009380281, "Test Accuracy": 0.988, "_wandb": {"runtime": 240}}