{"loss": 0.20079301297664642, "_timestamp": 1709712117.505961, "_runtime": 138.38600087165833, "_step": 59, "Test loss": 0.08720809549093246, "Epoch": 19, "Test Accuracy": 0.719, "_wandb": {"runtime": 136}}