{"loss": 0.00019423446792643517, "_timestamp": 1711597123.6023953, "_runtime": 138.21802425384521, "_step": 59, "Test loss": 0.0008568545863090549, "Epoch": 19, "Test Accuracy": 0.982, "_wandb": {"runtime": 137}}