{"loss": 2.128328323364258, "_timestamp": 1710316486.0167627, "_runtime": 108.68521285057068, "_step": 59, "Test loss": 0.012700833255425096, "Epoch": 19, "Test Accuracy": 0.8205, "_wandb": {"runtime": 103}}