{"loss": 0.34071439504623413, "_timestamp": 1702296554.1474211, "_runtime": 40.683030128479004, "_step": 89, "Test loss": 0.23735074739198428, "Test Accuracy": 0.5135135135135135, "_wandb": {"runtime": 39}}