{"loss": 0.023791220039129257, "_timestamp": 1702815679.2885573, "_runtime": 23.178139209747314, "_step": 80, "Test loss": 1.5138038034657821, "Test Accuracy": 0.5135135135135135, "_wandb": {"runtime": 22}}