{"loss": 0.003987606149166822, "_timestamp": 1709710252.2040012, "_runtime": 186.30347228050232, "_step": 89, "Test loss": 0.0007765743734780699, "Test Accuracy": 0.99, "_wandb": {"runtime": 182}}