{"loss": 1.6470674276351929, "_timestamp": 1712541829.3145218, "_runtime": 17.631054878234863, "_step": 89, "Test loss": 1.878659641041475, "epoch": 29, "Test Accuracy": 0.5882352941176471, "_wandb": {"runtime": 16}}