{"loss": 0.4202154576778412, "_timestamp": 1701417189.5601053, "_runtime": 125.68844842910767, "_step": 89, "Test loss": 0.013668992256714125, "Test Accuracy": 0.6440677966101694, "_wandb": {"runtime": 122}}