{"loss": 1.9542510509490967, "_timestamp": 1710335055.6844008, "_runtime": 97.38073182106018, "_step": 59, "Test loss": 0.003266233414411545, "Epoch": 19, "Test Accuracy": 0.9115, "_wandb": {"runtime": 95}}