{"loss": 0.047201190143823624, "_timestamp": 1702814277.0464551, "_runtime": 36.11647915840149, "_step": 299, "Test loss": 0.4027384373226336, "Test Accuracy": 0.7142857142857143, "_wandb": {"runtime": 35}}