{"loss": 0.11130311340093613, "_timestamp": 1709717189.1628568, "_runtime": 122.69722485542297, "_step": 59, "Test loss": 0.0011533170389011502, "Epoch": 19, "Test Accuracy": 0.978, "_wandb": {"runtime": 120}}