{"loss": 0.002268243348225951, "_timestamp": 1705060022.8630428, "_runtime": 59.69410991668701, "_step": 899, "Test loss": 0.3523928639205063, "epoch": 299, "Test Accuracy": 0.7647058823529411, "_wandb": {"runtime": 58}}