{"loss": 0.6234555244445801, "_timestamp": 1711952926.2840466, "_runtime": 18.958643674850464, "_step": 179, "Test loss": 0.10937385699328254, "epoch": 59, "Test Accuracy": 0.5882352941176471, "_wandb": {"runtime": 18}}