{"loss": 0.01347978226840496, "_timestamp": 1705047917.4023042, "_runtime": 33.55397009849548, "_step": 239, "Test loss": 0.7969701673616382, "Test Accuracy": 0.6470588235294118, "_wandb": {"runtime": 32}}