{"loss": 1.3668842315673828, "_timestamp": 1702952407.6376657, "_runtime": 183.22919583320618, "_step": 89, "Test loss": 0.026040955364704133, "Test Accuracy": 0.7645, "_wandb": {"runtime": 182}}