{"loss": 0.687311589717865, "_timestamp": 1711953253.1323261, "_runtime": 16.7603120803833, "_step": 179, "Test loss": 0.18887694793588974, "epoch": 59, "Test Accuracy": 0.5882352941176471, "_wandb": {"runtime": 15}}