{"loss": 0.6766263246536255, "_timestamp": 1711956456.98651, "_runtime": 19.34758496284485, "_step": 179, "Test loss": 0.1111904312582577, "epoch": 59, "Test Accuracy": 0.5882352941176471, "_wandb": {"runtime": 18}}