{"loss": 0.03144509345293045, "_timestamp": 1702296496.9719741, "_runtime": 44.54475712776184, "_step": 89, "Test loss": 0.271307068902093, "Test Accuracy": 0.43243243243243246, "_wandb": {"runtime": 43}}