{"loss": 0.021962705999612808, "_timestamp": 1700540118.5526652, "_runtime": 159.19941115379333, "_step": 89, "Test loss": 0.0018051065686158837, "Test Accuracy": 0.9615, "_wandb": {"runtime": 158}}