{"loss": 0.03159229829907417, "_timestamp": 1712388823.5186732, "_runtime": 23.920635223388672, "_step": 179, "Test loss": 0.10441245576914619, "epoch": 59, "Test Accuracy": 0.7058823529411765, "_wandb": {"runtime": 23}}