{"loss": 2.6304216384887695, "_timestamp": 1710380623.2669713, "_runtime": 129.97236728668213, "_step": 59, "Test loss": 0.032066703736782075, "Epoch": 19, "Test Accuracy": 0.8665, "_wandb": {"runtime": 129}}