{"loss": 3.607361316680908, "_timestamp": 1705062359.5091136, "_runtime": 12.053869485855103, "_step": 14, "Test loss": 1.5519351398243624, "epoch": 4, "Test Accuracy": 0.47058823529411764, "_wandb": {"runtime": 11}}