{"loss": 0.04207225143909454, "_timestamp": 1709711547.9030147, "_runtime": 137.88646960258484, "_step": 59, "Test loss": 5.603175709256902e-05, "Epoch": 19, "Test Accuracy": 0.9995, "_wandb": {"runtime": 135}}