{"loss": 0.0008705873042345047, "_timestamp": 1710334110.3463283, "_runtime": 128.2142882347107, "_step": 59, "Test loss": 0.007705821648240089, "Epoch": 19, "Test Accuracy": 0.834, "_wandb": {"runtime": 123}}