{"loss": 0.4688817858695984, "_timestamp": 1702301208.346338, "_runtime": 52.517627000808716, "_step": 89, "Test loss": 0.011724206241401466, "Test Accuracy": 0.8108108108108109, "_wandb": {"runtime": 51}}