{"loss": 0.8636589050292969, "_timestamp": 1712539196.083655, "_runtime": 19.573156118392944, "_step": 89, "Test loss": 0.13589690012090347, "epoch": 29, "Test Accuracy": 0.7058823529411765, "_wandb": {"runtime": 18}}