{"loss": 2.3401408195495605, "_timestamp": 1710387035.5959923, "_runtime": 95.423424243927, "_step": 59, "Test loss": 0.08312980115413665, "Epoch": 19, "Test Accuracy": 0.504, "_wandb": {"runtime": 94}}