{"loss": 6.058030128479004, "_timestamp": 1702958578.5964665, "_runtime": 24.782333612442017, "_step": 87, "Test loss": 3.320323609017037, "Test Accuracy": 0.05405405405405406, "_wandb": {"runtime": 23}}