{"loss": 0.00237980205565691, "_timestamp": 1702815760.6677604, "_runtime": 53.24121832847595, "_step": 299, "Test loss": 0.2801949046929744, "Test Accuracy": 0.8918918918918919, "_wandb": {"runtime": 52}}