{"loss": 0.26711970567703247, "_timestamp": 1710417520.2570362, "_runtime": 129.6150941848755, "_step": 59, "Test loss": 0.003161917321383953, "Epoch": 19, "Test Accuracy": 0.942, "_wandb": {"runtime": 128}}