{"loss": 0.09798458218574524, "_timestamp": 1701931088.6827064, "_runtime": 32.882484436035156, "_step": 89, "Test loss": 0.10558582067489625, "Test Accuracy": 0.46, "_wandb": {"runtime": 32}}